Timestamp,Ativo,ROI (%),Confiabilidade (%),Erro (%),Média Preço,Desvio-padrão,Sharpe,Skewness,Kurtosis
09:00,PETR4.SA,0.36,98.16,1.49,38.84,0.404,1.09,0.094,2.65
09:10,PETR4.SA,0.37,97.44,0.63,38.34,0.227,1.17,0.017,3.06
09:20,PETR4.SA,0.35,98.77,0.53,38.73,0.359,1.02,0.054,3.12
09:30,PETR4.SA,0.19,98.2,1.45,38.1,0.398,1.1,-0.028,2.59
09:40,PETR4.SA,0.41,97.91,0.68,38.81,0.516,1.05,-0.017,3.34
09:50,PETR4.SA,0.21,98.74,1.26,37.67,0.536,1.09,-0.03,3.12
10:00,PETR4.SA,0.26,98.23,1.33,38.94,0.493,1.05,-0.073,2.63
10:10,PETR4.SA,0.3,97.58,1.46,37.67,0.545,0.88,-0.043,3.47
10:20,PETR4.SA,0.3,97.13,1.37,37.75,0.474,1.18,-0.02,2.57
10:30,PETR4.SA,0.16,98.69,0.92,38.21,0.267,1.17,-0.1,2.55
10:40,PETR4.SA,0.25,97.87,0.68,37.7,0.51,0.88,0.086,3.37
10:50,PETR4.SA,0.43,98.38,0.54,38.85,0.192,1.16,0.047,2.76
11:00,PETR4.SA,0.38,99.39,1.45,38.21,0.31,1.06,-0.035,3.01
11:10,PETR4.SA,0.13,98.08,1.24,37.54,0.471,0.98,0.035,3.18
11:20,PETR4.SA,0.13,99.46,0.82,37.71,0.21,1.11,0.062,3.12
11:30,PETR4.SA,0.34,98.97,0.84,37.71,0.301,1.17,0.051,3.38
11:40,PETR4.SA,0.17,99.16,0.66,38.2,0.334,1.18,0.087,3.46
11:50,PETR4.SA,0.46,97.75,1.24,37.7,0.327,1.06,0.053,2.92
12:00,PETR4.SA,0.39,98.48,0.86,38.62,0.481,1.06,-0.043,3.01
12:10,PETR4.SA,0.5,97.99,1.17,37.92,0.367,0.83,0.092,3.32
12:20,PETR4.SA,0.17,99.09,0.83,37.82,0.319,0.9,-0.056,3.32
12:30,PETR4.SA,0.46,99.21,1.33,37.55,0.475,0.96,0.086,2.92
12:40,PETR4.SA,0.15,97.26,0.98,38.34,0.318,0.9,0.028,3.18
12:50,PETR4.SA,0.25,97.38,0.94,37.91,0.21,1.04,0.021,3.43
13:00,PETR4.SA,0.23,98.44,0.91,38.9,0.286,0.84,-0.09,3.12
13:10,PETR4.SA,0.38,99.3,1.12,37.72,0.348,0.89,-0.055,2.51
13:20,PETR4.SA,0.37,97.78,0.63,38.86,0.304,1.09,0.002,2.65
13:30,PETR4.SA,0.34,99.08,0.76,38.24,0.268,0.84,-0.084,3.2
13:40,PETR4.SA,0.44,97.96,1.35,38.66,0.418,1.2,0.074,3.07
13:50,PETR4.SA,0.29,98.19,1.35,38.58,0.313,1.07,0.066,2.58
14:00,PETR4.SA,0.11,97.2,1.1,38.76,0.295,1.01,-0.033,3.43
14:10,PETR4.SA,0.46,98.8,0.79,38.44,0.301,1.17,-0.049,3.2
14:20,PETR4.SA,0.25,98.51,1.34,38.78,0.495,0.8,-0.008,2.56
14:30,PETR4.SA,0.3,98.16,1.49,38.26,0.52,1.16,-0.012,2.71
14:40,PETR4.SA,0.49,99.44,1.03,38.64,0.295,0.88,-0.073,3.17
14:50,PETR4.SA,0.43,99.25,1.41,38.42,0.26,0.98,-0.049,2.55
15:00,PETR4.SA,0.23,97.64,1.29,37.86,0.485,1.18,0.014,3.38
15:10,PETR4.SA,0.38,99.33,1.41,38.67,0.288,0.9,-0.048,3.13
15:20,PETR4.SA,0.27,97.92,0.66,38.38,0.453,0.98,-0.086,2.76
15:30,PETR4.SA,0.35,98.04,0.81,37.79,0.364,1.09,-0.05,3.31
15:40,PETR4.SA,0.42,97.58,0.8,38.76,0.313,1.14,-0.027,3.36
15:50,PETR4.SA,0.42,97.22,1.42,38.61,0.329,1.06,0.014,2.85
16:00,PETR4.SA,0.17,98.98,1.49,37.78,0.219,1.06,-0.043,2.83
16:10,PETR4.SA,0.13,98.86,1.04,38.19,0.547,0.87,-0.037,2.78
16:20,PETR4.SA,0.15,98.71,1.09,38.8,0.564,1.15,0.072,3.21
16:30,PETR4.SA,0.17,97.91,1.06,37.66,0.253,1.14,-0.01,3.05
16:40,PETR4.SA,0.35,97.86,1.3,37.98,0.451,0.98,0.012,3.34
16:50,PETR4.SA,0.22,97.8,1.37,38.5,0.266,1.09,0.092,2.91
17:00,PETR4.SA,0.47,97.61,0.55,37.44,0.276,1.01,-0.082,2.67
17:10,PETR4.SA,0.25,98.83,1.26,38.15,0.25,0.92,-0.062,3.49
17:20,PETR4.SA,0.32,97.89,0.6,38.65,0.401,1.07,0.025,2.83
17:30,PETR4.SA,0.41,99.38,1.35,37.67,0.29,0.95,-0.093,2.79
17:40,PETR4.SA,0.34,98.11,0.95,38.42,0.564,1.09,-0.09,3.27
17:50,PETR4.SA,0.42,99.45,1.26,38.04,0.325,1.08,-0.041,3.33
18:00,PETR4.SA,0.36,98.15,1.25,38.14,0.368,1.08,0.091,2.61
09:00,VALE3.SA,0.17,98.13,1.48,70.67,0.501,1.03,-0.052,3.33
09:10,VALE3.SA,0.2,99.26,0.96,70.86,0.78,1.08,-0.006,3.18
09:20,VALE3.SA,0.15,99.32,1.15,71.22,0.784,0.82,0.089,3.0
09:30,VALE3.SA,0.46,99.26,0.64,72.51,0.503,1.12,-0.013,3.34
09:40,VALE3.SA,0.34,99.37,0.93,71.92,0.475,0.92,-0.063,2.77
09:50,VALE3.SA,0.19,97.33,1.11,70.34,0.544,0.89,0.064,3.23
10:00,VALE3.SA,0.15,98.91,0.64,70.2,0.994,1.02,-0.065,3.43
10:10,VALE3.SA,0.47,98.91,0.96,71.82,0.378,1.16,0.073,3.33
10:20,VALE3.SA,0.22,98.08,0.99,72.45,0.713,1.19,0.022,3.37
10:30,VALE3.SA,0.1,99.26,0.64,72.67,0.393,0.98,-0.009,3.11
10:40,VALE3.SA,0.24,99.17,1.48,71.83,0.392,0.91,0.021,3.45
10:50,VALE3.SA,0.26,98.46,1.34,70.11,0.594,0.8,0.005,3.41
11:00,VALE3.SA,0.16,98.13,0.6,72.39,1.057,0.96,-0.069,3.01
11:10,VALE3.SA,0.3,97.46,0.71,72.22,0.646,1.19,-0.019,2.7
11:20,VALE3.SA,0.25,97.13,0.73,70.96,0.969,1.16,-0.028,3.27
11:30,VALE3.SA,0.44,98.68,1.11,71.44,0.849,1.04,0.082,2.86
11:40,VALE3.SA,0.47,98.67,0.75,70.16,0.724,1.02,-0.09,3.08
11:50,VALE3.SA,0.2,97.69,0.59,72.16,0.611,0.93,-0.028,2.75
12:00,VALE3.SA,0.29,97.42,1.04,70.9,0.789,1.11,-0.054,3.13
12:10,VALE3.SA,0.38,99.13,1.32,71.29,0.732,1.07,-0.001,2.6
12:20,VALE3.SA,0.15,97.04,0.8,70.74,0.401,1.0,-0.064,2.7
12:30,VALE3.SA,0.46,97.66,0.76,71.49,1.056,0.81,0.049,2.87
12:40,VALE3.SA,0.19,97.26,1.42,71.33,0.481,1.17,-0.035,3.43
12:50,VALE3.SA,0.22,98.28,1.38,70.96,0.991,0.81,0.052,2.58
13:00,VALE3.SA,0.39,98.07,1.35,72.19,0.975,1.13,0.046,3.2
13:10,VALE3.SA,0.26,99.33,0.79,72.78,0.415,0.91,-0.012,3.09
13:20,VALE3.SA,0.4,98.6,1.43,70.13,0.74,1.06,0.024,2.74
13:30,VALE3.SA,0.5,98.87,0.52,71.94,0.836,0.92,-0.082,3.14
13:40,VALE3.SA,0.15,97.02,0.99,72.78,0.632,1.04,0.026,3.32
13:50,VALE3.SA,0.34,97.84,0.63,72.12,0.666,0.84,-0.028,3.01
14:00,VALE3.SA,0.16,99.16,0.56,72.9,0.763,0.97,0.032,2.91
14:10,VALE3.SA,0.31,99.0,0.79,70.63,0.499,1.05,-0.068,3.14
14:20,VALE3.SA,0.12,98.99,0.56,70.57,0.564,0.82,0.043,3.04
14:30,VALE3.SA,0.13,99.48,1.3,71.35,0.637,0.92,-0.014,3.18
14:40,VALE3.SA,0.46,98.8,0.97,72.3,0.902,1.04,-0.041,3.49
14:50,VALE3.SA,0.33,99.08,0.91,70.85,0.735,1.01,-0.029,2.92
15:00,VALE3.SA,0.38,97.39,1.17,71.54,0.521,1.01,-0.015,3.1
15:10,VALE3.SA,0.22,97.99,1.01,72.41,0.775,0.86,-0.1,3.19
15:20,VALE3.SA,0.26,99.15,0.66,71.08,0.811,1.09,0.059,2.55
15:30,VALE3.SA,0.28,97.9,0.68,71.96,0.473,1.13,0.008,2.56
15:40,VALE3.SA,0.31,97.99,1.14,72.85,0.851,1.2,0.077,3.3
15:50,VALE3.SA,0.4,97.3,1.03,71.68,0.953,1.16,-0.022,2.75
16:00,VALE3.SA,0.23,98.36,0.97,72.57,1.0,0.83,0.081,2.74
16:10,VALE3.SA,0.34,97.02,0.51,70.48,0.645,1.14,-0.015,3.05
16:20,VALE3.SA,0.27,99.07,1.06,70.97,0.715,1.15,-0.056,2.83
16:30,VALE3.SA,0.15,97.47,0.74,70.52,0.727,1.05,-0.075,3.46
16:40,VALE3.SA,0.32,99.16,1.25,72.58,1.05,0.98,0.079,3.12
16:50,VALE3.SA,0.13,97.67,1.3,71.94,0.982,0.86,-0.018,3.09
17:00,VALE3.SA,0.17,97.43,1.11,71.85,0.732,0.96,-0.052,2.69
17:10,VALE3.SA,0.4,97.61,1.16,71.14,0.381,1.03,-0.091,3.48
17:20,VALE3.SA,0.24,98.3,1.06,70.61,0.971,0.89,0.054,2.7
17:30,VALE3.SA,0.39,98.63,1.08,72.34,0.83,1.02,-0.016,3.36
17:40,VALE3.SA,0.27,99.29,0.56,71.83,0.443,1.02,-0.088,2.95
17:50,VALE3.SA,0.17,98.07,1.23,71.94,0.6,0.96,0.083,2.82
18:00,VALE3.SA,0.3,98.31,0.6,72.17,0.782,0.88,0.03,2.71
09:00,ITUB4.SA,0.45,98.94,1.2,28.34,0.407,1.15,0.004,2.62
09:10,ITUB4.SA,0.27,98.64,0.63,27.57,0.149,1.1,0.048,3.49
09:20,ITUB4.SA,0.11,98.95,0.65,27.36,0.195,1.04,0.079,2.7
09:30,ITUB4.SA,0.42,99.12,0.98,27.38,0.29,0.93,0.013,3.02
09:40,ITUB4.SA,0.34,99.05,0.78,28.14,0.176,1.02,-0.017,2.72
09:50,ITUB4.SA,0.35,98.5,1.06,27.64,0.327,1.17,-0.053,2.86
10:00,ITUB4.SA,0.27,98.94,0.89,27.42,0.212,1.07,-0.083,3.24
10:10,ITUB4.SA,0.46,98.95,1.46,27.56,0.257,1.17,-0.036,3.37
10:20,ITUB4.SA,0.19,98.68,1.27,27.49,0.163,0.9,0.1,3.44
10:30,ITUB4.SA,0.11,98.07,0.72,27.32,0.402,0.87,0.044,3.47
10:40,ITUB4.SA,0.14,97.37,1.43,28.01,0.229,0.81,-0.08,3.18
10:50,ITUB4.SA,0.27,97.3,1.16,27.56,0.347,0.83,0.014,2.61
11:00,ITUB4.SA,0.21,98.79,0.88,28.27,0.21,0.82,0.017,2.65
11:10,ITUB4.SA,0.4,99.33,0.57,27.25,0.251,0.99,-0.018,3.01
11:20,ITUB4.SA,0.47,97.5,1.5,27.98,0.289,0.86,0.054,2.67
11:30,ITUB4.SA,0.33,98.5,1.21,27.6,0.291,1.01,0.095,2.59
11:40,ITUB4.SA,0.33,98.33,0.78,27.46,0.184,0.91,0.02,2.98
11:50,ITUB4.SA,0.33,97.94,1.17,27.33,0.235,0.91,0.078,3.09
12:00,ITUB4.SA,0.15,99.39,0.88,28.35,0.305,1.09,0.09,2.74
12:10,ITUB4.SA,0.26,98.43,1.12,27.48,0.198,0.8,0.096,3.37
12:20,ITUB4.SA,0.36,97.91,0.59,27.96,0.293,0.87,0.086,3.04
12:30,ITUB4.SA,0.38,99.32,1.03,27.74,0.358,1.0,0.067,3.29
12:40,ITUB4.SA,0.15,97.44,1.33,28.06,0.182,0.92,0.083,2.87
12:50,ITUB4.SA,0.47,99.13,0.88,28.12,0.167,0.97,-0.015,2.7
13:00,ITUB4.SA,0.27,98.04,0.68,27.44,0.263,0.86,0.04,3.23
13:10,ITUB4.SA,0.25,98.75,1.38,27.89,0.403,0.88,-0.092,2.95
13:20,ITUB4.SA,0.25,98.05,1.17,27.3,0.213,0.9,-0.078,2.7
13:30,ITUB4.SA,0.44,98.99,1.48,27.93,0.175,0.87,-0.085,3.22
13:40,ITUB4.SA,0.44,99.01,0.75,27.35,0.35,1.17,-0.007,3.13
13:50,ITUB4.SA,0.26,98.59,0.77,27.41,0.306,0.87,0.079,3.09
14:00,ITUB4.SA,0.43,98.75,0.9,27.44,0.381,0.95,0.074,2.64
14:10,ITUB4.SA,0.37,98.29,1.14,28.14,0.235,0.87,0.004,2.88
14:20,ITUB4.SA,0.42,97.04,1.1,28.12,0.231,0.87,0.076,2.94
14:30,ITUB4.SA,0.13,99.0,1.33,27.52,0.163,1.04,0.011,3.24
14:40,ITUB4.SA,0.15,98.32,1.33,27.63,0.178,0.89,0.059,2.57
14:50,ITUB4.SA,0.37,97.81,1.08,27.89,0.384,0.99,-0.009,2.65
15:00,ITUB4.SA,0.22,99.2,1.5,28.15,0.313,1.17,-0.04,2.57
15:10,ITUB4.SA,0.14,97.44,0.81,27.4,0.305,1.09,-0.081,2.92
15:20,ITUB4.SA,0.33,98.38,1.34,27.45,0.354,1.01,-0.085,2.59
15:30,ITUB4.SA,0.38,99.2,1.09,27.6,0.373,0.98,-0.021,2.68
15:40,ITUB4.SA,0.4,98.19,0.99,28.29,0.37,1.04,0.069,2.76
15:50,ITUB4.SA,0.42,98.89,0.98,27.67,0.213,1.02,0.005,3.33
16:00,ITUB4.SA,0.11,97.6,1.42,27.99,0.359,0.99,-0.055,2.86
16:10,ITUB4.SA,0.14,98.58,0.64,27.84,0.16,0.95,0.094,3.09
16:20,ITUB4.SA,0.31,99.17,0.81,28.04,0.149,1.07,0.098,3.37
16:30,ITUB4.SA,0.23,99.34,1.33,27.33,0.221,0.93,0.068,3.41
16:40,ITUB4.SA,0.47,98.8,1.21,28.11,0.327,0.82,0.036,2.83
16:50,ITUB4.SA,0.27,99.15,0.75,28.1,0.168,0.81,0.049,2.61
17:00,ITUB4.SA,0.15,99.5,1.08,28.17,0.328,1.06,0.067,3.46
17:10,ITUB4.SA,0.39,99.34,1.37,28.08,0.334,1.08,0.025,3.37
17:20,ITUB4.SA,0.26,99.27,0.91,27.31,0.198,1.03,0.099,3.44
17:30,ITUB4.SA,0.14,97.44,0.53,28.33,0.385,0.89,-0.017,2.96
17:40,ITUB4.SA,0.24,97.7,1.36,27.79,0.336,0.92,0.03,3.04
17:50,ITUB4.SA,0.18,97.39,1.35,27.82,0.273,1.17,-0.027,3.49
18:00,ITUB4.SA,0.47,98.14,1.23,28.33,0.24,1.07,0.041,3.2
09:00,BBDC4.SA,0.18,99.2,0.74,21.9,0.238,0.85,-0.067,2.67
09:10,BBDC4.SA,0.22,99.36,0.78,21.58,0.263,1.2,-0.061,2.94
09:20,BBDC4.SA,0.32,98.99,0.86,22.04,0.289,0.88,-0.079,2.89
09:30,BBDC4.SA,0.2,98.0,0.74,21.56,0.259,0.88,0.079,2.84
09:40,BBDC4.SA,0.32,99.39,1.16,21.5,0.132,0.88,0.009,2.88
09:50,BBDC4.SA,0.24,98.01,0.8,21.84,0.271,0.9,0.024,2.91
10:00,BBDC4.SA,0.2,98.15,1.05,21.9,0.286,0.81,0.053,2.72
10:10,BBDC4.SA,0.41,98.07,1.43,21.81,0.139,1.12,0.034,2.95
10:20,BBDC4.SA,0.39,97.56,0.7,21.85,0.289,1.04,-0.02,3.22
10:30,BBDC4.SA,0.21,97.01,0.78,21.47,0.288,0.86,0.061,2.92
10:40,BBDC4.SA,0.17,97.75,1.43,21.36,0.289,0.87,-0.047,2.97
10:50,BBDC4.SA,0.41,97.27,1.15,21.36,0.3,0.85,0.077,3.17
11:00,BBDC4.SA,0.22,98.52,0.75,22.03,0.131,0.88,0.059,2.85
11:10,BBDC4.SA,0.5,98.06,0.93,21.5,0.182,0.83,-0.003,3.18
11:20,BBDC4.SA,0.15,97.37,1.18,21.44,0.109,0.99,-0.057,3.14
11:30,BBDC4.SA,0.11,99.46,0.62,21.41,0.109,0.84,0.077,3.23
11:40,BBDC4.SA,0.24,98.43,1.02,21.42,0.109,1.2,-0.091,3.31
11:50,BBDC4.SA,0.47,97.47,0.68,22.1,0.175,0.84,0.034,2.87
12:00,BBDC4.SA,0.22,98.58,1.43,22.0,0.317,1.17,-0.027,2.91
12:10,BBDC4.SA,0.32,99.37,0.74,21.42,0.188,0.86,0.053,3.48
12:20,BBDC4.SA,0.19,97.48,1.26,21.64,0.265,0.81,0.033,3.24
12:30,BBDC4.SA,0.24,99.2,1.41,21.46,0.258,0.94,0.057,3.29
12:40,BBDC4.SA,0.46,97.03,1.48,21.7,0.308,0.94,0.068,2.97
12:50,BBDC4.SA,0.12,99.19,0.81,21.67,0.315,0.93,-0.093,2.92
13:00,BBDC4.SA,0.25,97.08,1.41,21.76,0.162,0.81,-0.014,2.93
13:10,BBDC4.SA,0.46,99.11,0.79,22.03,0.161,0.85,0.017,3.32
13:20,BBDC4.SA,0.48,97.66,0.7,21.68,0.24,0.98,-0.019,2.78
13:30,BBDC4.SA,0.18,98.3,1.27,21.48,0.261,1.19,-0.004,3.31
13:40,BBDC4.SA,0.3,99.33,1.23,21.73,0.168,1.05,-0.047,2.77
13:50,BBDC4.SA,0.23,98.06,1.03,21.95,0.182,0.9,-0.095,3.43
14:00,BBDC4.SA,0.23,99.33,1.08,21.56,0.25,0.84,-0.091,3.01
14:10,BBDC4.SA,0.38,97.21,0.61,21.3,0.194,0.96,0.031,2.5
14:20,BBDC4.SA,0.43,99.44,1.3,21.75,0.315,0.81,-0.072,3.04
14:30,BBDC4.SA,0.21,98.83,0.74,21.93,0.27,1.18,0.051,2.9
14:40,BBDC4.SA,0.39,97.3,1.25,21.71,0.179,0.9,-0.035,2.82
14:50,BBDC4.SA,0.18,97.88,1.4,21.3,0.167,0.82,-0.018,2.63
15:00,BBDC4.SA,0.11,98.04,1.29,21.5,0.32,1.14,-0.003,2.73
15:10,BBDC4.SA,0.41,99.45,1.41,21.96,0.307,0.9,0.077,2.77
15:20,BBDC4.SA,0.23,97.98,1.13,21.33,0.131,0.86,0.001,2.82
15:30,BBDC4.SA,0.25,97.63,1.37,21.71,0.192,1.11,0.054,3.39
15:40,BBDC4.SA,0.16,97.62,0.6,21.35,0.145,1.08,-0.016,2.66
15:50,BBDC4.SA,0.45,99.47,1.41,21.43,0.309,1.06,-0.092,3.33
16:00,BBDC4.SA,0.12,98.06,0.66,21.75,0.203,0.83,-0.032,2.69
16:10,BBDC4.SA,0.31,99.14,0.94,21.86,0.266,1.15,-0.072,2.89
16:20,BBDC4.SA,0.36,98.52,1.31,21.99,0.149,1.04,0.095,3.06
16:30,BBDC4.SA,0.39,98.75,0.54,21.3,0.136,1.01,0.021,2.51
16:40,BBDC4.SA,0.42,99.46,0.61,21.43,0.148,1.14,-0.045,3.21
16:50,BBDC4.SA,0.38,97.24,1.14,21.45,0.234,1.18,-0.009,2.56
17:00,BBDC4.SA,0.13,98.68,1.16,21.46,0.219,1.12,-0.017,2.93
17:10,BBDC4.SA,0.4,98.43,1.26,21.28,0.144,1.05,-0.068,3.42
17:20,BBDC4.SA,0.17,99.14,0.57,21.34,0.305,1.19,-0.023,2.84
17:30,BBDC4.SA,0.43,98.16,0.53,21.48,0.144,1.11,0.051,2.53
17:40,BBDC4.SA,0.42,99.1,1.03,21.27,0.209,0.82,0.059,3.19
17:50,BBDC4.SA,0.14,97.62,1.24,21.97,0.134,1.14,-0.074,2.67
18:00,BBDC4.SA,0.21,99.05,0.56,22.05,0.267,1.19,-0.003,3.33
09:00,ABEV3.SA,0.4,98.89,1.19,15.32,0.077,0.89,-0.054,2.55
09:10,ABEV3.SA,0.29,97.69,0.95,15.13,0.224,0.87,-0.014,3.1
09:20,ABEV3.SA,0.2,98.31,1.37,14.87,0.196,0.83,-0.028,2.96
09:30,ABEV3.SA,0.44,99.21,1.03,15.16,0.161,0.96,-0.091,2.71
09:40,ABEV3.SA,0.16,98.57,0.72,14.83,0.21,0.87,0.007,2.79
09:50,ABEV3.SA,0.33,98.67,1.18,14.9,0.181,1.09,-0.075,2.67
10:00,ABEV3.SA,0.26,99.31,0.87,15.06,0.177,1.19,0.035,2.94
10:10,ABEV3.SA,0.42,98.64,0.87,15.17,0.121,0.96,0.064,3.2
10:20,ABEV3.SA,0.14,97.4,0.77,14.92,0.138,1.1,-0.038,2.89
10:30,ABEV3.SA,0.14,97.71,0.56,15.22,0.215,1.03,-0.009,3.03
10:40,ABEV3.SA,0.42,98.58,0.83,14.98,0.209,1.04,-0.007,3.08
10:50,ABEV3.SA,0.42,98.06,1.16,15.36,0.147,0.97,-0.065,2.97
11:00,ABEV3.SA,0.44,99.07,1.02,14.95,0.171,0.9,-0.059,2.63
11:10,ABEV3.SA,0.36,98.32,0.55,14.98,0.192,1.0,0.047,3.49
11:20,ABEV3.SA,0.43,97.99,1.16,15.02,0.22,1.07,-0.08,2.52
11:30,ABEV3.SA,0.29,98.84,1.11,15.13,0.202,1.12,0.022,2.61
11:40,ABEV3.SA,0.49,97.15,0.82,15.29,0.205,1.11,0.059,2.58
11:50,ABEV3.SA,0.17,99.14,1.34,14.88,0.141,0.85,-0.095,3.27
12:00,ABEV3.SA,0.34,97.27,1.26,15.32,0.135,0.94,-0.057,2.83
12:10,ABEV3.SA,0.32,97.23,1.47,15.15,0.132,1.03,0.089,2.89
12:20,ABEV3.SA,0.19,97.04,1.41,15.31,0.154,1.05,0.057,2.96
12:30,ABEV3.SA,0.2,98.89,0.91,14.97,0.205,0.85,-0.047,2.99
12:40,ABEV3.SA,0.27,97.47,0.72,14.98,0.083,0.86,-0.001,3.23
12:50,ABEV3.SA,0.13,98.48,0.95,14.98,0.107,1.12,0.048,2.85
13:00,ABEV3.SA,0.14,97.93,1.24,15.0,0.193,0.84,-0.084,2.84
13:10,ABEV3.SA,0.47,98.2,1.06,14.95,0.149,0.99,-0.096,3.41
13:20,ABEV3.SA,0.25,97.63,1.28,15.03,0.179,1.12,0.063,2.69
13:30,ABEV3.SA,0.12,97.44,1.0,15.31,0.174,1.08,-0.075,2.93
13:40,ABEV3.SA,0.48,98.49,1.46,15.07,0.119,1.06,-0.025,3.41
13:50,ABEV3.SA,0.14,99.19,0.68,14.86,0.107,0.82,0.018,3.38
14:00,ABEV3.SA,0.38,98.51,0.54,15.19,0.09,1.08,0.058,3.08
14:10,ABEV3.SA,0.37,99.1,1.06,15.34,0.185,0.96,0.044,2.65
14:20,ABEV3.SA,0.14,97.17,0.63,15.26,0.13,0.95,-0.032,2.77
14:30,ABEV3.SA,0.47,97.32,1.11,15.27,0.186,0.82,-0.013,2.55
14:40,ABEV3.SA,0.19,97.57,0.66,15.27,0.116,0.95,-0.081,2.74
14:50,ABEV3.SA,0.45,98.79,1.24,15.07,0.159,0.86,0.009,2.82
15:00,ABEV3.SA,0.38,98.63,1.2,15.13,0.132,0.95,0.081,3.15
15:10,ABEV3.SA,0.34,98.18,1.05,15.27,0.183,1.14,-0.001,2.97
15:20,ABEV3.SA,0.22,99.05,0.58,15.4,0.144,1.01,0.085,3.07
15:30,ABEV3.SA,0.3,98.35,1.08,15.36,0.213,0.89,-0.027,3.28
15:40,ABEV3.SA,0.13,98.61,0.66,15.18,0.209,1.04,0.03,2.78
15:50,ABEV3.SA,0.22,98.23,0.65,15.33,0.179,1.12,0.07,3.21
16:00,ABEV3.SA,0.14,97.3,0.64,15.02,0.147,1.04,0.1,2.9
16:10,ABEV3.SA,0.14,98.19,0.95,14.93,0.167,1.01,0.005,2.74
16:20,ABEV3.SA,0.48,98.78,0.99,15.35,0.222,1.02,0.06,2.62
16:30,ABEV3.SA,0.12,97.7,1.24,14.8,0.168,1.13,0.021,3.26
16:40,ABEV3.SA,0.2,98.07,1.23,14.93,0.177,0.87,-0.039,3.3
16:50,ABEV3.SA,0.42,97.38,1.27,15.04,0.172,1.05,-0.094,3.12
17:00,ABEV3.SA,0.42,99.27,0.67,15.11,0.133,1.01,0.08,2.55
17:10,ABEV3.SA,0.36,98.65,1.33,15.21,0.164,0.88,-0.062,3.09
17:20,ABEV3.SA,0.24,98.4,1.2,15.12,0.153,0.87,0.019,2.54
17:30,ABEV3.SA,0.44,97.18,1.07,15.19,0.179,1.14,0.006,2.94
17:40,ABEV3.SA,0.24,99.33,0.83,14.9,0.077,1.03,0.021,2.72
17:50,ABEV3.SA,0.3,99.3,1.14,14.89,0.112,1.09,0.079,2.7
18:00,ABEV3.SA,0.18,97.92,0.93,14.83,0.15,1.2,0.024,3.31
09:00,MGLU3.SA,0.25,98.67,0.56,8.99,0.097,1.19,0.015,3.38
09:10,MGLU3.SA,0.31,97.83,0.83,8.87,0.124,1.07,0.017,2.53
09:20,MGLU3.SA,0.14,97.88,1.04,8.89,0.074,1.1,0.06,3.38
09:30,MGLU3.SA,0.38,97.24,1.46,9.02,0.065,1.06,-0.024,2.71
09:40,MGLU3.SA,0.36,99.12,0.76,9.03,0.123,1.19,-0.062,3.23
09:50,MGLU3.SA,0.3,97.63,0.51,8.96,0.128,0.85,0.042,3.43
10:00,MGLU3.SA,0.5,98.82,1.46,8.82,0.119,1.01,0.034,3.18
10:10,MGLU3.SA,0.4,98.03,0.66,8.73,0.098,1.09,0.083,2.76
10:20,MGLU3.SA,0.29,98.94,0.9,8.98,0.086,0.82,0.079,2.98
10:30,MGLU3.SA,0.38,97.91,0.59,8.77,0.067,0.89,0.094,2.72
10:40,MGLU3.SA,0.27,98.06,1.2,8.91,0.105,1.2,-0.012,2.74
10:50,MGLU3.SA,0.26,97.98,0.54,8.98,0.097,1.04,0.08,2.92
11:00,MGLU3.SA,0.48,98.4,1.19,8.72,0.122,1.11,0.094,2.67
11:10,MGLU3.SA,0.12,97.97,1.49,8.82,0.126,1.1,0.073,2.71
11:20,MGLU3.SA,0.39,97.57,0.74,8.83,0.048,1.04,-0.013,2.59
11:30,MGLU3.SA,0.46,97.18,1.27,8.81,0.115,1.18,0.047,2.8
11:40,MGLU3.SA,0.3,98.8,0.72,9.04,0.077,1.19,-0.026,2.9
11:50,MGLU3.SA,0.31,98.15,1.29,8.9,0.066,1.09,-0.042,3.42
12:00,MGLU3.SA,0.24,97.9,0.71,8.8,0.095,0.92,-0.074,3.11
12:10,MGLU3.SA,0.26,97.12,1.35,8.9,0.122,0.84,0.012,3.5
12:20,MGLU3.SA,0.12,97.25,1.27,8.9,0.108,0.91,-0.034,2.63
12:30,MGLU3.SA,0.41,97.94,0.81,8.88,0.092,1.07,0.005,3.13
12:40,MGLU3.SA,0.16,98.92,0.99,8.77,0.061,1.0,0.003,3.32
12:50,MGLU3.SA,0.4,98.92,1.24,8.87,0.078,0.88,-0.04,3.16
13:00,MGLU3.SA,0.44,99.36,0.65,8.72,0.068,1.01,0.088,3.29
13:10,MGLU3.SA,0.12,97.54,1.17,8.92,0.128,0.84,0.039,3.28
13:20,MGLU3.SA,0.22,98.1,1.45,8.73,0.083,1.13,-0.084,2.62
13:30,MGLU3.SA,0.15,97.7,1.03,8.9,0.102,1.07,-0.059,3.19
13:40,MGLU3.SA,0.38,97.88,0.59,9.01,0.069,0.82,-0.089,2.72
13:50,MGLU3.SA,0.43,97.13,1.08,8.78,0.126,1.11,-0.001,3.45
14:00,MGLU3.SA,0.29,97.34,1.23,8.81,0.133,1.01,-0.013,2.66
14:10,MGLU3.SA,0.44,97.6,1.48,8.9,0.074,1.18,0.075,2.7
14:20,MGLU3.SA,0.22,98.44,0.77,8.75,0.114,1.09,-0.045,2.59
14:30,MGLU3.SA,0.15,99.11,0.63,8.83,0.079,1.18,-0.034,2.67
14:40,MGLU3.SA,0.35,98.13,0.76,8.91,0.057,1.07,-0.091,2.77
14:50,MGLU3.SA,0.16,98.27,0.72,8.84,0.11,1.16,0.024,2.98
15:00,MGLU3.SA,0.14,98.39,0.54,8.86,0.131,0.93,0.0,3.08
15:10,MGLU3.SA,0.23,98.6,1.31,9.05,0.118,1.16,0.095,3.12
15:20,MGLU3.SA,0.13,97.48,0.92,8.77,0.098,0.83,-0.092,3.33
15:30,MGLU3.SA,0.32,98.09,1.22,8.84,0.047,0.84,-0.095,2.6
15:40,MGLU3.SA,0.2,97.23,1.49,8.79,0.078,1.13,-0.059,2.59
15:50,MGLU3.SA,0.22,97.74,0.66,8.75,0.103,1.05,0.033,2.98
16:00,MGLU3.SA,0.4,97.53,0.93,8.78,0.097,1.14,-0.07,3.41
16:10,MGLU3.SA,0.11,97.08,0.63,8.83,0.095,1.18,-0.088,2.63
16:20,MGLU3.SA,0.41,97.83,0.59,8.96,0.059,1.01,-0.063,2.69
16:30,MGLU3.SA,0.29,98.43,1.05,8.95,0.051,0.96,0.002,2.79
16:40,MGLU3.SA,0.25,97.05,0.53,8.8,0.074,0.81,0.046,3.26
16:50,MGLU3.SA,0.27,98.04,0.73,8.95,0.073,0.94,-0.012,2.78
17:00,MGLU3.SA,0.48,98.43,1.38,9.04,0.056,0.82,0.043,2.68
17:10,MGLU3.SA,0.31,98.93,0.86,8.77,0.114,1.1,-0.011,3.43
17:20,MGLU3.SA,0.39,99.04,1.28,8.95,0.099,0.99,0.088,3.15
17:30,MGLU3.SA,0.19,98.73,0.9,8.89,0.099,0.81,0.003,2.79
17:40,MGLU3.SA,0.18,97.01,0.5,8.89,0.072,1.11,-0.007,3.18
17:50,MGLU3.SA,0.19,99.3,1.13,9.05,0.121,1.16,-0.022,3.14
18:00,MGLU3.SA,0.23,97.16,0.55,8.89,0.116,1.13,0.005,2.91
09:00,BBAS3.SA,0.12,97.9,0.55,38.32,0.501,0.98,0.014,3.18
09:10,BBAS3.SA,0.21,97.2,1.11,39.14,0.462,1.13,0.009,2.76
09:20,BBAS3.SA,0.16,99.45,1.24,39.13,0.349,1.12,0.065,3.19
09:30,BBAS3.SA,0.45,98.62,1.0,38.51,0.362,1.01,0.014,2.67
09:40,BBAS3.SA,0.21,98.82,1.05,39.27,0.405,1.14,0.092,3.34
09:50,BBAS3.SA,0.18,97.96,0.78,38.67,0.461,0.99,-0.066,3.14
10:00,BBAS3.SA,0.27,97.32,1.13,39.39,0.427,1.02,-0.064,3.16
10:10,BBAS3.SA,0.39,99.12,1.05,38.56,0.423,1.2,-0.097,3.36
10:20,BBAS3.SA,0.32,98.1,0.81,38.62,0.446,0.84,0.008,3.03
10:30,BBAS3.SA,0.21,97.3,0.83,38.21,0.27,0.89,0.036,3.39
10:40,BBAS3.SA,0.29,98.61,0.62,39.11,0.29,1.01,-0.058,2.88
10:50,BBAS3.SA,0.17,97.45,1.1,38.5,0.523,1.16,0.028,3.13
11:00,BBAS3.SA,0.18,97.25,0.58,39.32,0.47,1.17,-0.032,2.89
11:10,BBAS3.SA,0.47,97.58,0.58,38.59,0.22,0.87,-0.044,3.17
11:20,BBAS3.SA,0.16,98.88,1.25,38.53,0.298,0.82,0.087,3.4
11:30,BBAS3.SA,0.36,98.39,0.72,38.23,0.493,1.04,-0.041,2.51
11:40,BBAS3.SA,0.28,98.33,0.57,38.03,0.38,0.83,-0.018,3.24
11:50,BBAS3.SA,0.4,97.16,0.98,38.76,0.444,0.81,0.047,3.1
12:00,BBAS3.SA,0.21,98.37,0.93,38.64,0.419,1.1,-0.037,3.48
12:10,BBAS3.SA,0.12,97.94,0.7,38.32,0.334,0.87,0.06,3.42
12:20,BBAS3.SA,0.15,97.18,1.17,38.8,0.366,1.17,0.002,3.45
12:30,BBAS3.SA,0.14,98.9,0.52,38.8,0.489,1.03,-0.072,3.28
12:40,BBAS3.SA,0.5,98.83,1.32,38.12,0.257,1.05,-0.064,2.77
12:50,BBAS3.SA,0.46,97.62,0.99,38.99,0.463,1.05,0.043,2.54
13:00,BBAS3.SA,0.35,98.51,1.49,38.05,0.25,0.95,0.031,2.56
13:10,BBAS3.SA,0.12,97.33,1.28,38.72,0.506,0.94,0.079,3.13
13:20,BBAS3.SA,0.36,98.63,1.14,38.57,0.5,0.87,0.091,3.19
13:30,BBAS3.SA,0.13,99.26,0.82,38.89,0.354,1.17,0.004,3.14
13:40,BBAS3.SA,0.28,99.36,0.55,38.51,0.227,0.94,-0.081,3.35
13:50,BBAS3.SA,0.31,97.19,1.14,38.46,0.256,1.02,-0.086,3.36
14:00,BBAS3.SA,0.41,98.87,0.78,39.07,0.487,0.88,-0.07,3.44
14:10,BBAS3.SA,0.35,98.56,1.37,38.07,0.493,1.05,-0.093,3.43
14:20,BBAS3.SA,0.25,99.48,1.08,38.37,0.508,0.93,0.093,3.17
14:30,BBAS3.SA,0.22,99.11,1.11,39.12,0.426,0.93,-0.053,3.19
14:40,BBAS3.SA,0.21,98.62,0.88,39.18,0.434,0.89,-0.039,3.13
14:50,BBAS3.SA,0.13,98.6,1.09,37.97,0.496,1.05,-0.02,3.42
15:00,BBAS3.SA,0.38,99.07,0.59,38.47,0.505,1.03,0.01,2.82
15:10,BBAS3.SA,0.36,97.97,0.97,38.25,0.573,0.98,0.043,3.39
15:20,BBAS3.SA,0.45,99.07,0.71,38.9,0.538,1.17,-0.038,3.31
15:30,BBAS3.SA,0.33,98.13,1.16,38.8,0.475,1.07,0.045,2.89
15:40,BBAS3.SA,0.46,98.59,0.56,39.0,0.371,0.97,-0.042,3.37
15:50,BBAS3.SA,0.15,99.34,1.26,38.27,0.499,1.08,-0.057,3.33
16:00,BBAS3.SA,0.18,97.93,0.73,38.33,0.57,1.14,0.009,3.42
16:10,BBAS3.SA,0.22,97.06,0.56,38.6,0.362,1.15,0.013,2.81
16:20,BBAS3.SA,0.14,98.01,1.06,39.06,0.401,0.82,-0.098,2.52
16:30,BBAS3.SA,0.48,97.1,1.37,38.74,0.306,0.84,-0.086,2.87
16:40,BBAS3.SA,0.18,99.33,0.7,39.38,0.294,1.11,-0.077,3.33
16:50,BBAS3.SA,0.18,98.13,0.87,39.41,0.485,1.05,0.031,3.06
17:00,BBAS3.SA,0.49,98.8,1.25,38.37,0.39,0.96,0.029,2.67
17:10,BBAS3.SA,0.15,99.34,1.21,38.41,0.573,0.9,0.066,2.79
17:20,BBAS3.SA,0.22,99.39,1.25,39.26,0.545,0.89,0.06,2.96
17:30,BBAS3.SA,0.31,98.79,0.66,38.45,0.4,0.81,-0.007,3.18
17:40,BBAS3.SA,0.25,99.11,1.09,39.43,0.409,1.11,0.062,2.78
17:50,BBAS3.SA,0.21,97.39,0.87,38.77,0.444,0.97,0.062,3.2
18:00,BBAS3.SA,0.5,97.89,1.26,39.1,0.512,0.84,0.059,2.54
09:00,RENT3.SA,0.4,99.27,1.27,49.9,0.655,1.01,-0.069,2.72
09:10,RENT3.SA,0.39,98.11,0.98,50.89,0.544,0.88,-0.086,3.2
09:20,RENT3.SA,0.42,98.18,0.56,49.95,0.383,0.84,-0.029,3.09
09:30,RENT3.SA,0.43,99.2,0.7,50.31,0.477,0.9,-0.033,3.1
09:40,RENT3.SA,0.48,99.21,1.02,50.12,0.295,0.81,-0.003,2.78
09:50,RENT3.SA,0.42,97.95,0.9,49.73,0.685,0.95,-0.014,3.17
10:00,RENT3.SA,0.14,98.09,1.18,49.62,0.406,0.89,-0.011,3.36
10:10,RENT3.SA,0.34,99.31,1.22,50.16,0.498,1.13,0.024,3.14
10:20,RENT3.SA,0.34,97.66,0.93,51.38,0.564,0.88,0.031,3.18
10:30,RENT3.SA,0.41,98.26,1.0,51.37,0.447,0.97,-0.036,3.41
10:40,RENT3.SA,0.49,98.18,1.36,50.16,0.696,1.1,0.06,2.73
10:50,RENT3.SA,0.38,97.04,1.49,50.2,0.563,1.02,0.065,3.26
11:00,RENT3.SA,0.4,97.24,0.75,50.11,0.359,1.07,-0.085,3.1
11:10,RENT3.SA,0.36,97.77,0.96,50.6,0.391,0.97,-0.077,2.76
11:20,RENT3.SA,0.42,98.9,0.51,51.1,0.4,1.14,-0.066,2.63
11:30,RENT3.SA,0.13,98.81,0.87,49.46,0.391,0.82,0.086,2.77
11:40,RENT3.SA,0.4,97.59,1.01,49.84,0.49,1.02,-0.007,3.37
11:50,RENT3.SA,0.19,97.75,0.96,50.44,0.519,0.83,0.079,2.67
12:00,RENT3.SA,0.49,99.27,1.12,49.61,0.268,0.86,-0.079,3.5
12:10,RENT3.SA,0.46,97.56,1.2,50.1,0.353,1.02,-0.012,2.78
12:20,RENT3.SA,0.36,97.36,0.95,49.53,0.487,1.02,-0.06,2.51
12:30,RENT3.SA,0.15,98.93,0.57,50.59,0.409,0.88,-0.081,3.41
12:40,RENT3.SA,0.45,97.51,1.11,49.62,0.71,0.93,-0.045,2.54
12:50,RENT3.SA,0.38,98.62,1.21,49.39,0.385,0.85,-0.096,2.75
13:00,RENT3.SA,0.4,99.4,0.91,51.36,0.431,0.98,0.096,2.61
13:10,RENT3.SA,0.45,98.9,1.31,49.75,0.663,1.0,-0.065,2.62
13:20,RENT3.SA,0.11,99.49,1.24,49.8,0.673,0.94,0.012,3.15
13:30,RENT3.SA,0.35,98.27,1.23,49.7,0.337,0.95,0.044,3.03
13:40,RENT3.SA,0.35,99.36,0.93,50.75,0.602,1.1,-0.062,2.7
13:50,RENT3.SA,0.16,98.98,0.63,51.38,0.263,1.07,0.012,3.22
14:00,RENT3.SA,0.21,97.68,0.52,49.7,0.477,0.94,-0.089,2.68
14:10,RENT3.SA,0.42,97.02,1.34,50.6,0.581,1.2,-0.045,2.91
14:20,RENT3.SA,0.16,99.01,1.47,49.88,0.326,1.04,0.092,3.33
14:30,RENT3.SA,0.19,98.72,1.21,50.44,0.412,1.19,0.001,2.59
14:40,RENT3.SA,0.32,99.48,0.78,49.96,0.305,0.82,0.099,3.06
14:50,RENT3.SA,0.17,99.29,1.18,50.64,0.456,1.06,0.056,2.56
15:00,RENT3.SA,0.2,98.51,0.76,50.09,0.481,0.89,0.046,3.21
15:10,RENT3.SA,0.35,97.08,0.51,50.82,0.399,0.89,0.042,3.23
15:20,RENT3.SA,0.4,97.32,1.17,50.14,0.405,0.83,0.095,3.04
15:30,RENT3.SA,0.26,99.48,0.88,50.28,0.473,0.88,-0.012,2.71
15:40,RENT3.SA,0.32,98.92,0.56,49.82,0.31,1.04,0.028,2.98
15:50,RENT3.SA,0.29,98.82,0.63,51.24,0.688,0.89,0.054,3.03
16:00,RENT3.SA,0.39,98.97,0.67,49.96,0.367,1.14,-0.02,2.79
16:10,RENT3.SA,0.26,97.79,1.25,51.22,0.661,0.84,-0.031,2.9
16:20,RENT3.SA,0.26,98.96,1.36,50.44,0.723,0.98,-0.055,2.56
16:30,RENT3.SA,0.15,97.85,1.29,49.89,0.703,1.03,0.0,2.76
16:40,RENT3.SA,0.46,98.71,0.7,51.26,0.465,1.2,0.052,2.85
16:50,RENT3.SA,0.34,97.79,0.55,51.01,0.538,0.86,0.082,3.08
17:00,RENT3.SA,0.41,98.43,1.31,51.04,0.585,0.92,-0.078,2.96
17:10,RENT3.SA,0.43,98.08,1.29,50.71,0.433,1.2,-0.048,3.0
17:20,RENT3.SA,0.26,97.9,0.98,50.76,0.383,1.14,0.056,2.54
17:30,RENT3.SA,0.4,97.62,1.35,51.05,0.397,0.86,0.077,3.09
17:40,RENT3.SA,0.32,98.3,0.8,49.64,0.502,0.81,-0.064,3.09
17:50,RENT3.SA,0.4,97.34,1.21,49.5,0.73,1.17,-0.024,3.4
18:00,RENT3.SA,0.42,99.04,1.09,50.91,0.663,0.85,0.015,3.41
09:00,WEGE3.SA,0.29,99.26,1.41,39.23,0.404,0.93,0.07,2.9
09:10,WEGE3.SA,0.16,97.84,1.12,39.12,0.428,0.95,-0.067,3.11
09:20,WEGE3.SA,0.34,97.35,0.77,38.67,0.394,0.83,0.035,2.73
09:30,WEGE3.SA,0.43,98.35,0.83,38.99,0.498,1.06,-0.016,2.99
09:40,WEGE3.SA,0.47,97.36,0.83,38.11,0.377,1.09,-0.093,2.53
09:50,WEGE3.SA,0.12,99.37,1.18,38.95,0.523,1.03,0.056,2.87
10:00,WEGE3.SA,0.14,97.39,1.43,37.75,0.449,1.06,0.058,3.07
10:10,WEGE3.SA,0.36,98.2,0.69,39.15,0.56,1.04,-0.074,2.5
10:20,WEGE3.SA,0.43,98.05,0.62,38.85,0.467,1.08,0.016,3.31
10:30,WEGE3.SA,0.14,98.23,1.22,38.24,0.542,0.89,-0.089,3.28
10:40,WEGE3.SA,0.24,97.35,1.24,37.83,0.323,1.03,-0.041,3.31
10:50,WEGE3.SA,0.27,97.13,0.88,38.06,0.522,1.1,-0.011,3.12
11:00,WEGE3.SA,0.38,97.31,1.37,39.0,0.574,1.11,0.037,3.1
11:10,WEGE3.SA,0.13,97.85,1.48,38.67,0.442,1.02,0.088,2.94
11:20,WEGE3.SA,0.2,98.32,0.51,38.09,0.475,1.03,0.09,2.83
11:30,WEGE3.SA,0.43,97.91,1.23,39.22,0.268,0.87,0.07,3.42
11:40,WEGE3.SA,0.32,99.18,0.56,38.56,0.244,0.92,0.032,2.53
11:50,WEGE3.SA,0.24,98.81,0.58,37.99,0.568,1.09,-0.011,2.83
12:00,WEGE3.SA,0.41,98.19,1.11,39.1,0.366,1.11,0.054,3.27
12:10,WEGE3.SA,0.25,97.04,1.12,38.03,0.367,0.98,0.07,2.71
12:20,WEGE3.SA,0.16,98.86,0.54,38.01,0.453,1.03,0.079,2.53
12:30,WEGE3.SA,0.32,97.38,0.97,38.33,0.316,0.81,0.042,3.29
12:40,WEGE3.SA,0.17,99.21,1.2,38.72,0.506,0.99,0.025,3.45
12:50,WEGE3.SA,0.42,98.44,1.27,38.4,0.506,0.86,0.078,3.05
13:00,WEGE3.SA,0.47,97.89,1.44,37.85,0.402,0.95,0.088,2.86
13:10,WEGE3.SA,0.43,97.4,1.22,38.46,0.479,0.92,0.097,2.87
13:20,WEGE3.SA,0.16,98.14,0.75,38.34,0.359,1.0,0.068,3.38
13:30,WEGE3.SA,0.39,98.58,0.62,38.11,0.461,1.12,0.075,3.3
13:40,WEGE3.SA,0.37,97.07,1.39,38.78,0.321,1.19,-0.02,3.01
13:50,WEGE3.SA,0.46,97.61,1.16,38.24,0.435,0.91,0.047,3.41
14:00,WEGE3.SA,0.23,97.15,1.12,37.84,0.549,1.0,0.021,2.87
14:10,WEGE3.SA,0.11,97.31,0.52,38.2,0.453,0.86,-0.078,3.02
14:20,WEGE3.SA,0.49,98.4,1.48,38.86,0.221,1.14,0.079,2.92
14:30,WEGE3.SA,0.28,97.62,0.56,39.13,0.555,1.19,-0.011,2.93
14:40,WEGE3.SA,0.25,97.55,0.93,38.56,0.323,1.08,0.029,3.12
14:50,WEGE3.SA,0.16,99.4,0.79,38.48,0.383,1.12,-0.091,2.84
15:00,WEGE3.SA,0.35,97.5,0.65,38.35,0.354,1.04,0.022,3.44
15:10,WEGE3.SA,0.2,98.32,1.07,38.96,0.389,0.93,-0.059,2.56
15:20,WEGE3.SA,0.48,97.15,1.19,39.04,0.197,1.15,0.096,2.95
15:30,WEGE3.SA,0.4,97.59,0.53,37.9,0.399,1.07,0.094,2.73
15:40,WEGE3.SA,0.26,97.42,1.1,38.27,0.397,1.0,0.01,2.98
15:50,WEGE3.SA,0.27,99.29,0.77,37.91,0.536,1.07,0.001,2.65
16:00,WEGE3.SA,0.25,97.47,1.22,39.02,0.409,0.84,-0.07,2.66
16:10,WEGE3.SA,0.14,97.18,0.87,39.06,0.298,0.93,-0.038,3.08
16:20,WEGE3.SA,0.5,97.67,1.26,38.83,0.396,0.82,-0.006,2.81
16:30,WEGE3.SA,0.22,98.67,0.85,37.79,0.326,0.83,-0.057,3.43
16:40,WEGE3.SA,0.48,97.49,1.12,38.68,0.356,0.87,0.037,2.59
16:50,WEGE3.SA,0.43,98.4,1.28,38.14,0.354,0.82,-0.092,3.01
17:00,WEGE3.SA,0.32,99.38,0.81,38.38,0.287,1.16,0.001,2.72
17:10,WEGE3.SA,0.22,97.97,1.01,39.16,0.449,1.0,-0.021,2.66
17:20,WEGE3.SA,0.34,97.12,1.17,38.65,0.261,0.83,0.007,2.7
17:30,WEGE3.SA,0.25,97.66,0.8,37.75,0.274,1.12,0.002,3.09
17:40,WEGE3.SA,0.4,97.36,1.09,38.26,0.383,0.88,0.095,3.42
17:50,WEGE3.SA,0.41,99.5,0.74,38.16,0.527,1.16,0.1,2.83
18:00,WEGE3.SA,0.21,99.25,1.05,38.88,0.308,0.84,0.035,3.11
09:00,JBSS3.SA,0.24,99.09,1.31,20.22,0.241,0.82,0.049,3.25
09:10,JBSS3.SA,0.45,98.84,1.12,19.97,0.249,0.85,-0.006,2.93
09:20,JBSS3.SA,0.19,98.28,0.73,19.7,0.23,0.82,-0.062,3.46
09:30,JBSS3.SA,0.4,99.32,1.45,20.25,0.206,1.16,0.082,3.27
09:40,JBSS3.SA,0.23,98.67,0.98,19.8,0.252,1.03,0.001,3.23
09:50,JBSS3.SA,0.33,97.4,0.52,20.12,0.118,0.81,-0.043,2.7
10:00,JBSS3.SA,0.3,98.11,1.22,20.47,0.136,0.92,0.082,2.69
10:10,JBSS3.SA,0.18,98.29,1.11,20.28,0.269,0.94,0.01,3.45
10:20,JBSS3.SA,0.11,97.4,0.97,19.71,0.261,0.91,0.064,2.61
10:30,JBSS3.SA,0.2,98.79,1.11,20.32,0.189,0.87,-0.08,2.56
10:40,JBSS3.SA,0.45,98.42,1.42,20.28,0.22,0.91,-0.054,3.06
10:50,JBSS3.SA,0.32,99.12,1.38,20.31,0.212,0.85,-0.056,2.88
11:00,JBSS3.SA,0.36,97.01,1.03,19.94,0.131,0.81,-0.021,3.17
11:10,JBSS3.SA,0.38,98.39,0.72,19.75,0.199,1.09,0.038,3.5
11:20,JBSS3.SA,0.41,99.1,1.39,20.0,0.119,1.14,-0.007,3.25
11:30,JBSS3.SA,0.35,98.4,1.19,20.1,0.258,1.15,0.065,3.26
11:40,JBSS3.SA,0.15,99.17,0.98,20.11,0.225,0.83,-0.082,2.85
11:50,JBSS3.SA,0.28,98.91,0.83,20.2,0.192,1.01,0.08,3.09
12:00,JBSS3.SA,0.48,97.03,1.31,20.37,0.183,0.8,-0.015,2.67
12:10,JBSS3.SA,0.36,98.93,1.14,20.48,0.217,1.02,-0.029,2.71
12:20,JBSS3.SA,0.46,97.97,0.58,19.8,0.159,0.84,0.079,2.73
12:30,JBSS3.SA,0.49,98.03,0.71,19.97,0.209,1.02,0.084,3.33
12:40,JBSS3.SA,0.28,99.05,1.45,19.9,0.237,0.94,-0.029,2.86
12:50,JBSS3.SA,0.42,98.68,0.59,20.11,0.243,1.18,0.058,3.19
13:00,JBSS3.SA,0.31,99.48,1.4,20.32,0.277,0.95,-0.012,3.26
13:10,JBSS3.SA,0.43,98.47,0.86,19.71,0.14,0.99,0.005,3.17
13:20,JBSS3.SA,0.33,98.34,0.91,20.2,0.191,0.83,-0.083,2.88
13:30,JBSS3.SA,0.26,99.29,1.46,19.76,0.245,0.91,0.024,3.48
13:40,JBSS3.SA,0.4,98.94,1.03,20.05,0.115,1.11,0.038,2.89
13:50,JBSS3.SA,0.18,98.4,1.06,20.0,0.265,0.88,0.052,2.64
14:00,JBSS3.SA,0.49,97.96,1.23,19.75,0.22,0.87,-0.013,2.96
14:10,JBSS3.SA,0.26,98.44,1.06,20.41,0.201,1.08,-0.054,3.07
14:20,JBSS3.SA,0.44,97.9,1.46,20.41,0.112,0.86,-0.061,2.7
14:30,JBSS3.SA,0.18,97.16,0.95,20.12,0.137,0.82,-0.055,2.68
14:40,JBSS3.SA,0.27,97.35,1.3,19.8,0.247,1.08,-0.052,2.81
14:50,JBSS3.SA,0.38,98.88,0.89,20.38,0.12,0.86,0.002,2.54
15:00,JBSS3.SA,0.48,98.1,1.18,20.34,0.141,0.8,-0.051,3.18
15:10,JBSS3.SA,0.31,97.13,0.91,19.77,0.22,1.12,0.053,3.19
15:20,JBSS3.SA,0.33,97.23,0.94,19.75,0.29,0.94,0.054,2.95
15:30,JBSS3.SA,0.37,98.09,1.11,20.27,0.204,1.16,-0.06,3.06
15:40,JBSS3.SA,0.31,99.42,0.84,20.0,0.208,0.94,0.043,2.73
15:50,JBSS3.SA,0.4,97.4,1.46,20.13,0.221,0.88,-0.008,2.86
16:00,JBSS3.SA,0.17,97.89,1.05,19.85,0.224,1.16,0.02,2.7
16:10,JBSS3.SA,0.44,99.3,0.53,20.3,0.295,0.89,0.042,3.13
16:20,JBSS3.SA,0.27,97.85,1.44,19.77,0.251,0.9,0.028,3.5
16:30,JBSS3.SA,0.29,98.31,0.81,20.49,0.184,1.08,-0.054,3.43
16:40,JBSS3.SA,0.43,98.69,0.58,19.86,0.175,1.1,-0.031,2.75
16:50,JBSS3.SA,0.12,98.63,1.09,20.0,0.238,1.04,-0.099,3.48
17:00,JBSS3.SA,0.36,98.66,0.8,19.98,0.126,1.01,0.086,2.66
17:10,JBSS3.SA,0.19,97.58,1.13,20.4,0.152,1.17,-0.061,3.27
17:20,JBSS3.SA,0.32,97.61,1.23,20.41,0.168,1.13,0.079,3.4
17:30,JBSS3.SA,0.17,98.41,0.59,20.4,0.198,1.15,0.019,3.42
17:40,JBSS3.SA,0.29,99.47,0.6,20.27,0.289,1.01,0.019,2.76
17:50,JBSS3.SA,0.38,98.95,0.57,19.85,0.266,1.07,0.012,2.88
18:00,JBSS3.SA,0.26,97.3,1.07,19.84,0.2,0.97,0.071,2.87
09:00,GGBR4.SA,0.28,97.05,1.48,28.15,0.197,1.1,0.037,2.74
09:10,GGBR4.SA,0.14,98.37,1.33,28.86,0.219,1.12,0.035,2.73
09:20,GGBR4.SA,0.16,97.63,0.64,27.87,0.279,1.0,0.054,2.65
09:30,GGBR4.SA,0.23,97.92,0.87,28.78,0.18,1.05,0.066,3.23
09:40,GGBR4.SA,0.18,97.86,1.27,28.22,0.165,0.96,-0.057,2.81
09:50,GGBR4.SA,0.12,98.52,1.46,28.12,0.17,0.99,0.048,2.78
10:00,GGBR4.SA,0.17,99.25,0.84,27.97,0.255,0.99,-0.064,3.47
10:10,GGBR4.SA,0.11,98.95,0.79,28.62,0.207,0.81,0.084,3.0
10:20,GGBR4.SA,0.37,97.26,1.49,28.12,0.404,1.05,0.077,3.29
10:30,GGBR4.SA,0.42,98.87,1.31,28.27,0.337,0.83,0.024,2.97
10:40,GGBR4.SA,0.4,98.63,0.71,27.77,0.267,0.83,0.001,2.89
10:50,GGBR4.SA,0.33,97.7,0.53,27.83,0.233,1.16,-0.099,2.64
11:00,GGBR4.SA,0.43,99.3,0.58,27.81,0.253,0.98,-0.031,3.01
11:10,GGBR4.SA,0.28,97.82,1.09,27.89,0.168,0.9,-0.053,2.91
11:20,GGBR4.SA,0.5,97.4,0.81,28.04,0.245,0.95,-0.039,2.71
11:30,GGBR4.SA,0.41,98.7,1.33,28.12,0.417,1.13,0.088,3.31
11:40,GGBR4.SA,0.12,97.84,0.6,27.88,0.365,1.09,-0.072,3.26
11:50,GGBR4.SA,0.42,98.54,1.18,28.22,0.406,0.83,0.074,2.83
12:00,GGBR4.SA,0.4,97.35,0.89,27.95,0.37,1.09,-0.073,2.51
12:10,GGBR4.SA,0.48,98.88,1.4,27.98,0.185,0.94,0.097,2.67
12:20,GGBR4.SA,0.43,97.93,0.81,28.02,0.261,1.03,0.097,3.32
12:30,GGBR4.SA,0.26,98.94,1.38,28.68,0.146,0.83,-0.003,3.38
12:40,GGBR4.SA,0.16,98.17,0.77,27.93,0.251,1.11,0.089,2.56
12:50,GGBR4.SA,0.24,97.98,0.74,28.39,0.395,0.98,-0.083,2.63
13:00,GGBR4.SA,0.11,99.02,0.81,27.82,0.274,0.81,0.025,3.21
13:10,GGBR4.SA,0.18,98.78,1.49,28.23,0.143,1.06,-0.013,2.73
13:20,GGBR4.SA,0.19,98.94,0.62,28.1,0.376,0.89,0.03,2.62
13:30,GGBR4.SA,0.11,98.39,0.67,28.11,0.239,0.83,-0.004,2.92
13:40,GGBR4.SA,0.19,97.48,0.55,27.81,0.248,1.11,-0.094,2.94
13:50,GGBR4.SA,0.16,99.33,1.41,28.53,0.233,0.91,0.044,2.73
14:00,GGBR4.SA,0.2,97.3,1.22,28.0,0.317,0.9,0.046,2.74
14:10,GGBR4.SA,0.36,97.96,1.17,27.98,0.333,1.06,-0.021,3.19
14:20,GGBR4.SA,0.35,97.04,0.73,27.82,0.343,1.19,-0.068,3.5
14:30,GGBR4.SA,0.25,97.4,1.25,28.86,0.303,1.08,-0.037,2.85
14:40,GGBR4.SA,0.14,98.38,1.0,28.71,0.19,1.11,0.057,2.67
14:50,GGBR4.SA,0.24,98.64,1.44,27.96,0.217,1.19,0.061,3.06
15:00,GGBR4.SA,0.33,98.21,1.33,28.47,0.182,0.95,0.025,2.8
15:10,GGBR4.SA,0.39,98.33,1.22,28.01,0.37,1.08,0.032,3.38
15:20,GGBR4.SA,0.46,97.05,1.17,27.75,0.274,0.86,-0.028,2.9
15:30,GGBR4.SA,0.37,97.55,1.46,28.81,0.4,1.07,0.03,3.41
15:40,GGBR4.SA,0.45,99.37,0.8,27.88,0.153,1.12,0.009,2.57
15:50,GGBR4.SA,0.17,99.5,0.67,28.58,0.279,1.19,0.088,3.47
16:00,GGBR4.SA,0.19,98.93,0.81,27.81,0.422,0.8,-0.013,3.13
16:10,GGBR4.SA,0.28,97.48,1.34,28.61,0.201,1.1,0.016,2.57
16:20,GGBR4.SA,0.1,97.83,0.74,28.53,0.256,0.95,-0.009,2.61
16:30,GGBR4.SA,0.29,99.28,0.81,28.67,0.28,1.09,0.033,2.78
16:40,GGBR4.SA,0.45,97.19,0.79,28.67,0.291,0.87,0.013,2.62
16:50,GGBR4.SA,0.15,98.48,1.35,28.61,0.315,1.1,0.034,2.77
17:00,GGBR4.SA,0.4,98.24,1.26,27.94,0.34,1.11,-0.011,2.61
17:10,GGBR4.SA,0.45,98.94,1.0,28.61,0.423,0.88,-0.083,2.71
17:20,GGBR4.SA,0.28,97.25,0.52,27.9,0.169,0.95,0.086,3.06
17:30,GGBR4.SA,0.14,99.43,0.77,28.07,0.182,1.18,0.019,3.49
17:40,GGBR4.SA,0.16,99.02,0.66,28.13,0.341,1.12,-0.069,2.68
17:50,GGBR4.SA,0.4,98.59,1.27,28.85,0.345,1.19,0.077,2.54
18:00,GGBR4.SA,0.12,97.3,1.34,28.75,0.162,0.83,0.081,3.04
09:00,LREN3.SA,0.2,98.64,0.61,22.58,0.259,1.15,0.092,2.93
09:10,LREN3.SA,0.16,99.13,1.27,23.34,0.168,1.09,-0.02,3.15
09:20,LREN3.SA,0.41,97.83,0.62,22.73,0.335,0.8,0.044,3.26
09:30,LREN3.SA,0.3,97.96,0.65,23.15,0.251,1.06,-0.095,3.24
09:40,LREN3.SA,0.32,98.92,1.47,22.86,0.233,0.91,-0.005,3.23
09:50,LREN3.SA,0.33,97.07,1.18,22.76,0.246,0.95,-0.003,2.74
10:00,LREN3.SA,0.42,98.74,0.52,22.56,0.173,0.94,-0.016,3.32
10:10,LREN3.SA,0.4,98.7,1.18,23.11,0.271,1.0,0.023,2.57
10:20,LREN3.SA,0.31,97.7,1.27,23.11,0.147,0.99,-0.038,3.11
10:30,LREN3.SA,0.24,97.6,0.77,23.06,0.12,0.8,0.079,3.0
10:40,LREN3.SA,0.15,97.85,1.06,22.64,0.226,0.88,-0.078,2.91
10:50,LREN3.SA,0.24,97.67,0.63,22.95,0.152,1.11,0.008,2.82
11:00,LREN3.SA,0.11,97.79,1.27,23.23,0.122,1.2,-0.089,3.08
11:10,LREN3.SA,0.22,99.37,1.18,22.62,0.164,0.95,0.005,3.37
11:20,LREN3.SA,0.42,98.28,0.88,23.32,0.225,0.89,0.092,3.23
11:30,LREN3.SA,0.17,97.7,0.98,22.59,0.241,0.99,0.084,3.17
11:40,LREN3.SA,0.3,97.95,1.12,23.39,0.241,0.97,-0.024,2.91
11:50,LREN3.SA,0.25,97.9,1.04,23.35,0.226,0.97,-0.003,2.65
12:00,LREN3.SA,0.33,97.76,0.89,22.58,0.153,0.9,0.007,2.77
12:10,LREN3.SA,0.11,97.89,0.89,22.74,0.264,0.94,-0.047,2.56
12:20,LREN3.SA,0.24,97.56,0.9,23.38,0.136,0.95,0.072,2.67
12:30,LREN3.SA,0.21,98.19,0.93,23.16,0.269,0.99,-0.078,3.18
12:40,LREN3.SA,0.17,97.6,0.79,23.11,0.162,0.92,0.097,2.88
12:50,LREN3.SA,0.33,97.28,1.14,23.42,0.188,0.81,0.096,3.48
13:00,LREN3.SA,0.33,99.21,1.37,22.7,0.261,1.18,-0.077,3.08
13:10,LREN3.SA,0.3,97.29,1.18,23.06,0.239,0.95,0.065,2.98
13:20,LREN3.SA,0.15,98.23,0.73,23.01,0.155,0.85,-0.038,3.45
13:30,LREN3.SA,0.17,99.22,0.67,23.32,0.199,1.07,0.027,2.69
13:40,LREN3.SA,0.26,98.63,0.98,22.83,0.138,1.13,-0.017,2.79
13:50,LREN3.SA,0.21,97.14,1.09,22.9,0.309,0.87,0.014,2.83
14:00,LREN3.SA,0.43,99.28,1.32,23.18,0.305,1.06,0.039,3.31
14:10,LREN3.SA,0.27,98.7,1.43,23.2,0.192,0.92,0.003,3.38
14:20,LREN3.SA,0.44,99.44,0.99,23.38,0.186,0.82,-0.019,2.85
14:30,LREN3.SA,0.17,98.57,1.06,22.6,0.341,1.13,0.001,3.29
14:40,LREN3.SA,0.16,97.69,0.52,22.64,0.295,1.12,-0.084,3.35
14:50,LREN3.SA,0.15,99.19,0.72,23.03,0.185,0.89,-0.031,3.38
15:00,LREN3.SA,0.43,99.09,1.02,23.22,0.223,0.95,-0.047,2.91
15:10,LREN3.SA,0.31,98.11,1.21,22.56,0.181,1.14,-0.031,3.31
15:20,LREN3.SA,0.28,98.65,1.1,23.31,0.213,0.84,-0.058,2.93
15:30,LREN3.SA,0.48,99.05,0.77,22.56,0.323,0.99,-0.024,3.12
15:40,LREN3.SA,0.28,97.47,1.15,23.17,0.298,0.81,-0.016,2.76
15:50,LREN3.SA,0.27,97.75,0.95,22.82,0.179,1.04,-0.016,2.97
16:00,LREN3.SA,0.41,98.41,1.17,22.66,0.289,1.19,0.002,2.79
16:10,LREN3.SA,0.2,97.01,1.28,23.37,0.229,0.93,0.041,2.66
16:20,LREN3.SA,0.4,98.64,1.31,23.22,0.26,0.91,0.066,3.29
16:30,LREN3.SA,0.49,98.21,0.93,23.25,0.305,0.92,0.075,3.41
16:40,LREN3.SA,0.44,98.18,1.36,22.92,0.28,1.08,0.028,2.77
16:50,LREN3.SA,0.32,97.46,0.82,22.95,0.134,1.06,0.038,3.36
17:00,LREN3.SA,0.12,98.59,1.08,23.03,0.177,1.03,0.086,2.65
17:10,LREN3.SA,0.5,97.47,0.95,23.08,0.301,0.83,-0.045,3.33
17:20,LREN3.SA,0.34,97.84,1.41,22.59,0.279,1.1,0.061,3.15
17:30,LREN3.SA,0.38,98.6,1.39,23.45,0.25,0.96,-0.001,2.84
17:40,LREN3.SA,0.37,97.46,1.48,23.2,0.238,0.8,-0.097,2.58
17:50,LREN3.SA,0.13,98.99,1.0,23.44,0.318,1.13,0.017,3.26
18:00,LREN3.SA,0.18,97.66,1.48,22.93,0.205,0.88,-0.09,2.87
09:00,B3SA3.SA,0.21,99.13,1.29,14.0,0.114,1.0,0.006,2.71
09:10,B3SA3.SA,0.26,99.47,0.98,13.8,0.176,1.04,-0.05,2.84
09:20,B3SA3.SA,0.35,98.09,0.62,13.64,0.141,1.14,0.075,3.32
09:30,B3SA3.SA,0.16,97.46,1.44,13.83,0.194,0.93,-0.028,2.59
09:40,B3SA3.SA,0.33,97.97,0.93,13.56,0.19,1.1,-0.082,2.83
09:50,B3SA3.SA,0.13,97.08,1.47,13.95,0.151,1.02,-0.033,3.12
10:00,B3SA3.SA,0.23,97.96,0.78,13.74,0.145,1.09,0.053,2.67
10:10,B3SA3.SA,0.16,97.89,1.35,14.04,0.157,0.87,0.069,2.83
10:20,B3SA3.SA,0.23,97.15,0.97,13.62,0.158,0.86,-0.089,2.64
10:30,B3SA3.SA,0.3,98.23,1.15,13.92,0.19,0.89,-0.026,3.41
10:40,B3SA3.SA,0.25,99.06,0.74,13.62,0.206,0.96,0.022,3.04
10:50,B3SA3.SA,0.18,97.15,1.03,13.62,0.159,1.04,0.018,2.87
11:00,B3SA3.SA,0.25,97.96,1.05,13.71,0.13,1.13,0.011,2.92
11:10,B3SA3.SA,0.3,97.15,1.36,13.96,0.102,0.8,0.091,3.13
11:20,B3SA3.SA,0.41,97.01,1.26,13.62,0.088,0.91,-0.098,2.94
11:30,B3SA3.SA,0.15,97.12,0.55,13.73,0.113,0.87,-0.089,2.59
11:40,B3SA3.SA,0.49,98.41,0.67,13.61,0.199,1.15,0.092,2.7
11:50,B3SA3.SA,0.3,97.81,0.86,13.95,0.121,1.19,0.091,2.64
12:00,B3SA3.SA,0.29,99.36,1.42,13.62,0.116,0.93,0.066,3.35
12:10,B3SA3.SA,0.48,99.22,1.4,13.92,0.156,1.06,0.059,3.2
12:20,B3SA3.SA,0.25,99.36,0.54,13.78,0.094,0.84,-0.065,3.29
12:30,B3SA3.SA,0.42,98.68,1.4,13.89,0.133,1.13,0.008,2.9
12:40,B3SA3.SA,0.46,98.8,1.32,14.07,0.073,1.1,0.086,2.77
12:50,B3SA3.SA,0.3,97.72,1.34,13.59,0.166,0.83,-0.014,2.91
13:00,B3SA3.SA,0.3,97.76,0.74,13.77,0.174,1.02,0.054,3.47
13:10,B3SA3.SA,0.26,97.15,1.13,13.61,0.178,0.91,-0.087,2.51
13:20,B3SA3.SA,0.24,98.03,0.92,14.04,0.077,1.0,-0.081,3.47
13:30,B3SA3.SA,0.33,97.62,0.59,13.7,0.113,1.17,0.041,3.33
13:40,B3SA3.SA,0.39,98.8,0.79,13.81,0.143,0.96,0.002,3.21
13:50,B3SA3.SA,0.25,98.66,1.47,13.62,0.205,1.03,-0.07,2.71
14:00,B3SA3.SA,0.21,98.44,1.16,13.68,0.179,1.1,0.062,3.48
14:10,B3SA3.SA,0.26,99.11,1.02,13.77,0.097,0.82,-0.039,3.11
14:20,B3SA3.SA,0.4,98.87,0.71,13.67,0.106,0.93,0.039,2.71
14:30,B3SA3.SA,0.31,99.4,0.83,13.55,0.092,0.84,0.021,2.54
14:40,B3SA3.SA,0.48,97.17,1.46,13.74,0.18,1.14,0.078,3.24
14:50,B3SA3.SA,0.16,98.52,0.65,13.64,0.118,1.16,0.012,3.05
15:00,B3SA3.SA,0.25,98.11,0.51,13.59,0.162,1.06,0.028,2.64
15:10,B3SA3.SA,0.24,97.4,0.52,13.57,0.147,1.16,0.092,3.27
15:20,B3SA3.SA,0.19,98.52,0.91,13.76,0.119,0.9,0.081,3.46
15:30,B3SA3.SA,0.49,97.1,0.9,13.57,0.127,1.14,0.017,3.06
15:40,B3SA3.SA,0.3,98.85,1.2,13.8,0.104,1.14,-0.072,2.88
15:50,B3SA3.SA,0.45,98.47,0.96,13.81,0.202,1.14,-0.057,2.76
16:00,B3SA3.SA,0.4,98.96,1.02,14.01,0.116,1.05,0.044,2.85
16:10,B3SA3.SA,0.1,99.37,1.45,14.03,0.126,0.88,0.018,2.89
16:20,B3SA3.SA,0.44,99.08,0.71,13.87,0.093,0.89,0.049,3.25
16:30,B3SA3.SA,0.2,98.74,1.34,13.77,0.078,0.83,-0.044,2.52
16:40,B3SA3.SA,0.43,97.87,0.82,13.79,0.115,1.19,-0.014,3.47
16:50,B3SA3.SA,0.21,98.63,0.73,13.58,0.179,1.1,0.096,3.39
17:00,B3SA3.SA,0.28,97.17,0.74,13.96,0.183,1.12,-0.01,3.03
17:10,B3SA3.SA,0.11,97.02,0.87,13.99,0.195,1.12,0.075,2.94
17:20,B3SA3.SA,0.44,98.96,0.51,13.97,0.182,1.16,-0.037,2.79
17:30,B3SA3.SA,0.36,99.01,1.27,13.8,0.149,0.84,-0.044,3.44
17:40,B3SA3.SA,0.33,98.67,0.53,14.02,0.183,0.91,0.093,3.19
17:50,B3SA3.SA,0.28,97.79,1.16,13.87,0.107,1.13,-0.072,2.84
18:00,B3SA3.SA,0.13,99.22,0.61,13.86,0.168,0.94,0.094,2.91
09:00,CIEL3.SA,0.22,98.38,1.24,5.24,0.077,1.02,0.045,3.16
09:10,CIEL3.SA,0.21,98.96,0.61,5.2,0.056,0.83,0.099,3.49
09:20,CIEL3.SA,0.17,97.54,1.06,5.19,0.041,0.99,0.095,2.72
09:30,CIEL3.SA,0.24,97.48,1.19,5.3,0.047,1.16,0.064,3.0
09:40,CIEL3.SA,0.14,97.7,1.14,5.18,0.056,1.19,-0.078,3.25
09:50,CIEL3.SA,0.1,98.01,1.45,5.15,0.071,0.94,-0.004,2.55
10:00,CIEL3.SA,0.13,98.62,1.03,5.23,0.04,1.11,-0.029,3.03
10:10,CIEL3.SA,0.36,99.04,1.07,5.19,0.063,1.18,0.024,3.4
10:20,CIEL3.SA,0.39,97.74,1.0,5.24,0.06,1.01,0.031,3.39
10:30,CIEL3.SA,0.39,97.83,1.02,5.2,0.04,0.94,-0.093,2.8
10:40,CIEL3.SA,0.49,98.07,0.6,5.12,0.073,0.85,-0.039,2.6
10:50,CIEL3.SA,0.14,97.89,0.52,5.19,0.056,0.96,-0.069,3.36
11:00,CIEL3.SA,0.34,99.32,1.27,5.15,0.076,0.94,-0.065,3.48
11:10,CIEL3.SA,0.22,98.71,1.31,5.22,0.054,1.0,-0.087,2.58
11:20,CIEL3.SA,0.43,98.51,1.38,5.12,0.03,1.09,-0.094,3.21
11:30,CIEL3.SA,0.27,97.38,1.41,5.14,0.027,1.19,-0.077,2.94
11:40,CIEL3.SA,0.19,99.17,1.44,5.16,0.032,1.17,0.004,2.78
11:50,CIEL3.SA,0.23,99.11,0.75,5.24,0.044,1.11,0.028,2.53
12:00,CIEL3.SA,0.24,98.2,0.89,5.16,0.073,0.86,-0.065,2.52
12:10,CIEL3.SA,0.32,97.95,1.04,5.22,0.054,0.94,-0.041,2.73
12:20,CIEL3.SA,0.29,98.66,1.32,5.12,0.032,1.14,-0.063,3.17
12:30,CIEL3.SA,0.4,99.46,1.28,5.28,0.044,0.86,-0.049,2.73
12:40,CIEL3.SA,0.13,97.44,1.39,5.3,0.075,1.13,0.023,3.23
12:50,CIEL3.SA,0.47,97.76,0.56,5.2,0.072,0.94,-0.08,2.87
13:00,CIEL3.SA,0.39,98.14,1.47,5.29,0.064,1.13,-0.045,3.16
13:10,CIEL3.SA,0.39,98.67,0.89,5.23,0.064,0.9,-0.017,2.65
13:20,CIEL3.SA,0.24,99.48,0.67,5.21,0.066,0.85,0.042,3.26
13:30,CIEL3.SA,0.32,98.84,1.18,5.27,0.037,1.02,-0.025,3.15
13:40,CIEL3.SA,0.25,98.19,0.66,5.1,0.057,0.94,0.007,2.65
13:50,CIEL3.SA,0.32,97.83,0.79,5.12,0.029,1.01,-0.083,2.63
14:00,CIEL3.SA,0.39,98.83,0.89,5.27,0.051,0.86,0.094,2.64
14:10,CIEL3.SA,0.3,99.15,0.77,5.25,0.068,1.17,0.025,2.81
14:20,CIEL3.SA,0.14,99.41,0.54,5.1,0.069,0.96,-0.07,2.9
14:30,CIEL3.SA,0.35,98.78,1.26,5.26,0.046,1.18,0.028,3.12
14:40,CIEL3.SA,0.49,98.94,0.51,5.21,0.041,0.82,-0.015,3.12
14:50,CIEL3.SA,0.29,98.36,0.68,5.24,0.031,0.9,0.049,3.18
15:00,CIEL3.SA,0.38,98.34,1.41,5.25,0.053,0.84,0.027,3.15
15:10,CIEL3.SA,0.37,99.28,1.11,5.24,0.042,1.18,-0.063,2.7
15:20,CIEL3.SA,0.17,97.41,1.19,5.1,0.065,1.17,-0.04,2.95
15:30,CIEL3.SA,0.38,97.46,1.48,5.26,0.033,1.04,0.013,3.18
15:40,CIEL3.SA,0.11,98.89,0.61,5.19,0.057,0.94,0.096,2.84
15:50,CIEL3.SA,0.13,97.21,1.47,5.21,0.052,1.01,0.022,2.84
16:00,CIEL3.SA,0.39,98.97,0.73,5.28,0.032,1.05,-0.05,2.91
16:10,CIEL3.SA,0.21,97.89,0.82,5.3,0.073,1.16,0.058,2.71
16:20,CIEL3.SA,0.32,98.01,1.26,5.13,0.064,1.0,0.086,2.63
16:30,CIEL3.SA,0.35,98.19,1.18,5.19,0.051,0.81,-0.081,2.65
16:40,CIEL3.SA,0.19,98.22,0.6,5.12,0.04,1.19,-0.003,3.14
16:50,CIEL3.SA,0.4,98.34,1.23,5.26,0.034,0.97,-0.037,2.7
17:00,CIEL3.SA,0.4,97.83,0.56,5.22,0.064,1.11,-0.006,2.99
17:10,CIEL3.SA,0.43,99.47,1.08,5.14,0.067,0.87,0.042,3.03
17:20,CIEL3.SA,0.15,98.65,1.3,5.16,0.027,0.98,-0.027,2.71
17:30,CIEL3.SA,0.47,99.0,1.2,5.22,0.064,1.14,0.046,2.56
17:40,CIEL3.SA,0.15,99.34,1.18,5.26,0.029,1.19,0.006,2.88
17:50,CIEL3.SA,0.22,97.84,1.25,5.13,0.06,0.95,0.02,2.74
18:00,CIEL3.SA,0.42,98.18,1.42,5.13,0.037,1.06,0.099,3.5
09:00,RADL3.SA,0.38,97.87,1.49,25.16,0.188,0.85,0.095,3.14
09:10,RADL3.SA,0.42,97.41,0.66,25.37,0.191,1.2,-0.007,3.02
09:20,RADL3.SA,0.34,98.57,0.9,25.01,0.277,1.08,-0.08,2.53
09:30,RADL3.SA,0.26,99.48,1.42,25.23,0.372,0.86,-0.097,3.37
09:40,RADL3.SA,0.17,99.07,1.27,25.21,0.189,0.81,0.075,3.15
09:50,RADL3.SA,0.36,98.54,1.33,25.82,0.289,0.91,-0.052,3.11
10:00,RADL3.SA,0.29,98.31,0.63,25.05,0.343,1.03,-0.07,3.34
10:10,RADL3.SA,0.15,99.14,0.59,25.71,0.282,1.01,0.008,2.78
10:20,RADL3.SA,0.33,99.18,0.53,25.61,0.13,0.85,0.071,2.54
10:30,RADL3.SA,0.35,97.81,1.37,25.54,0.234,0.8,-0.034,3.35
10:40,RADL3.SA,0.11,97.93,0.81,25.83,0.168,1.06,0.057,3.01
10:50,RADL3.SA,0.31,97.06,1.12,25.66,0.36,0.93,-0.087,3.12
11:00,RADL3.SA,0.14,98.02,1.41,24.9,0.133,1.02,-0.097,3.36
11:10,RADL3.SA,0.3,97.83,0.72,25.85,0.14,1.15,0.046,3.19
11:20,RADL3.SA,0.42,98.53,1.03,25.56,0.335,1.0,-0.067,2.96
11:30,RADL3.SA,0.37,99.37,1.2,24.99,0.273,1.03,0.022,2.7
11:40,RADL3.SA,0.47,98.95,1.33,25.26,0.153,0.86,-0.092,2.89
11:50,RADL3.SA,0.13,97.81,0.74,24.97,0.368,0.98,0.073,3.42
12:00,RADL3.SA,0.4,98.91,0.61,25.45,0.163,0.88,0.057,2.53
12:10,RADL3.SA,0.23,97.45,0.81,25.07,0.37,1.04,0.055,3.39
12:20,RADL3.SA,0.22,97.54,0.97,25.78,0.148,0.93,0.082,2.75
12:30,RADL3.SA,0.46,97.95,1.05,25.88,0.331,0.96,-0.051,3.17
12:40,RADL3.SA,0.43,98.56,0.51,25.52,0.289,0.99,0.014,3.05
12:50,RADL3.SA,0.18,97.38,0.8,25.63,0.225,0.97,0.036,3.4
13:00,RADL3.SA,0.43,99.22,1.14,25.32,0.165,1.13,0.033,2.67
13:10,RADL3.SA,0.32,99.49,0.79,25.82,0.128,0.82,0.038,3.43
13:20,RADL3.SA,0.28,98.7,1.22,25.22,0.325,1.15,0.054,2.87
13:30,RADL3.SA,0.14,98.04,0.94,25.68,0.133,1.13,-0.091,2.71
13:40,RADL3.SA,0.16,99.15,1.07,24.92,0.339,0.99,-0.033,3.26
13:50,RADL3.SA,0.44,97.94,0.51,25.17,0.226,0.95,0.092,2.74
14:00,RADL3.SA,0.22,97.14,0.69,25.67,0.285,1.06,-0.07,3.25
14:10,RADL3.SA,0.22,98.66,0.67,25.32,0.201,0.91,0.072,3.26
14:20,RADL3.SA,0.23,99.18,0.6,24.93,0.199,0.8,0.008,2.54
14:30,RADL3.SA,0.24,97.2,0.76,25.62,0.374,1.02,-0.033,3.28
14:40,RADL3.SA,0.17,98.74,1.35,25.45,0.146,1.03,0.048,2.73
14:50,RADL3.SA,0.24,97.18,1.17,25.53,0.141,0.98,-0.013,3.27
15:00,RADL3.SA,0.25,99.29,1.26,25.47,0.334,1.12,0.098,3.02
15:10,RADL3.SA,0.3,98.24,0.66,25.88,0.14,1.17,0.039,2.7
15:20,RADL3.SA,0.32,97.24,1.1,25.45,0.199,0.9,-0.018,3.37
15:30,RADL3.SA,0.18,98.93,1.35,25.62,0.228,0.93,0.009,2.7
15:40,RADL3.SA,0.37,97.62,0.51,25.57,0.22,0.83,-0.035,2.96
15:50,RADL3.SA,0.38,98.5,0.85,25.12,0.309,0.91,-0.076,2.79
16:00,RADL3.SA,0.12,97.05,1.4,25.78,0.143,0.94,0.053,3.15
16:10,RADL3.SA,0.43,99.48,1.03,24.98,0.244,0.88,-0.059,2.5
16:20,RADL3.SA,0.27,99.41,0.63,25.12,0.251,1.0,-0.091,3.19
16:30,RADL3.SA,0.38,98.17,0.52,24.94,0.177,0.89,-0.059,3.22
16:40,RADL3.SA,0.49,97.34,1.41,25.87,0.151,0.91,-0.04,3.12
16:50,RADL3.SA,0.24,99.0,0.68,25.8,0.165,0.89,0.092,3.02
17:00,RADL3.SA,0.17,98.45,0.69,25.07,0.251,1.17,-0.002,3.5
17:10,RADL3.SA,0.33,98.42,1.08,25.43,0.243,0.97,-0.001,3.2
17:20,RADL3.SA,0.32,99.27,0.81,25.35,0.248,1.11,0.009,2.8
17:30,RADL3.SA,0.11,98.59,0.87,25.7,0.238,0.96,0.019,2.71
17:40,RADL3.SA,0.34,97.83,0.5,25.57,0.366,1.05,0.021,2.52
17:50,RADL3.SA,0.47,97.5,1.34,25.67,0.185,1.1,0.058,2.65
18:00,RADL3.SA,0.28,98.85,0.6,25.84,0.201,0.82,0.096,3.02
09:00,EQTL3.SA,0.16,97.21,0.75,44.54,0.449,0.84,-0.081,3.35
09:10,EQTL3.SA,0.39,97.54,1.32,44.69,0.226,0.88,-0.076,3.09
09:20,EQTL3.SA,0.19,97.57,1.26,45.67,0.559,0.94,-0.068,3.15
09:30,EQTL3.SA,0.49,99.2,0.72,45.26,0.477,0.89,-0.013,2.74
09:40,EQTL3.SA,0.26,97.66,0.97,45.15,0.273,1.16,-0.069,2.54
09:50,EQTL3.SA,0.2,98.25,0.73,45.57,0.54,0.9,-0.069,3.06
10:00,EQTL3.SA,0.16,97.73,1.33,45.61,0.47,0.87,-0.095,3.24
10:10,EQTL3.SA,0.13,98.77,0.62,45.87,0.455,1.07,0.058,3.13
10:20,EQTL3.SA,0.3,97.24,1.4,45.33,0.504,1.07,0.062,3.23
10:30,EQTL3.SA,0.27,98.82,0.73,45.7,0.302,1.2,0.014,2.63
10:40,EQTL3.SA,0.32,98.22,0.91,44.44,0.598,0.99,0.098,3.05
10:50,EQTL3.SA,0.28,99.41,0.69,45.27,0.362,1.13,-0.078,3.48
11:00,EQTL3.SA,0.28,98.6,1.07,45.14,0.405,1.06,0.031,2.65
11:10,EQTL3.SA,0.28,98.3,0.9,44.97,0.264,1.1,0.041,3.07
11:20,EQTL3.SA,0.2,98.78,1.08,45.46,0.293,1.02,-0.021,3.29
11:30,EQTL3.SA,0.18,97.9,0.95,44.63,0.528,1.0,0.051,2.95
11:40,EQTL3.SA,0.32,98.22,0.92,44.73,0.284,0.87,-0.077,3.41
11:50,EQTL3.SA,0.43,98.91,1.49,45.12,0.267,0.93,0.035,2.79
12:00,EQTL3.SA,0.34,99.12,0.75,45.39,0.316,1.02,0.046,2.52
12:10,EQTL3.SA,0.36,97.03,0.51,44.31,0.663,1.15,0.071,2.74
12:20,EQTL3.SA,0.26,98.54,0.65,45.55,0.643,1.1,-0.012,3.05
12:30,EQTL3.SA,0.35,97.9,1.0,45.26,0.399,0.98,0.043,2.72
12:40,EQTL3.SA,0.46,97.71,0.92,44.34,0.642,1.05,-0.046,2.88
12:50,EQTL3.SA,0.42,98.32,0.86,44.84,0.65,1.17,0.089,2.83
13:00,EQTL3.SA,0.27,97.52,1.42,44.43,0.589,1.14,-0.035,3.03
13:10,EQTL3.SA,0.27,99.42,0.65,44.86,0.285,0.93,-0.054,3.5
13:20,EQTL3.SA,0.29,99.31,1.07,44.85,0.621,0.89,0.051,2.59
13:30,EQTL3.SA,0.41,99.37,1.41,44.33,0.516,0.97,-0.039,3.13
13:40,EQTL3.SA,0.44,97.8,1.2,45.92,0.643,1.05,0.043,2.54
13:50,EQTL3.SA,0.24,99.16,0.8,45.64,0.253,1.06,0.096,2.6
14:00,EQTL3.SA,0.29,98.74,0.62,45.54,0.657,1.17,0.099,3.21
14:10,EQTL3.SA,0.49,97.79,1.35,45.48,0.518,0.96,-0.073,2.75
14:20,EQTL3.SA,0.43,98.14,1.05,44.97,0.457,0.85,0.082,3.09
14:30,EQTL3.SA,0.26,98.41,0.82,46.0,0.526,0.87,0.039,3.18
14:40,EQTL3.SA,0.16,97.97,0.83,44.88,0.416,1.04,-0.013,3.01
14:50,EQTL3.SA,0.15,99.36,1.23,45.0,0.606,1.12,-0.016,3.15
15:00,EQTL3.SA,0.26,99.41,1.22,44.84,0.377,0.83,0.075,2.53
15:10,EQTL3.SA,0.48,99.43,1.4,44.28,0.613,0.96,0.013,2.81
15:20,EQTL3.SA,0.37,99.39,0.63,44.29,0.251,0.81,0.099,3.31
15:30,EQTL3.SA,0.3,98.01,0.84,45.5,0.404,0.88,0.046,2.75
15:40,EQTL3.SA,0.14,97.12,1.5,45.25,0.534,1.1,0.012,3.44
15:50,EQTL3.SA,0.11,97.45,1.04,45.74,0.545,0.93,-0.074,2.72
16:00,EQTL3.SA,0.36,97.43,1.12,44.27,0.344,1.11,-0.014,2.73
16:10,EQTL3.SA,0.35,97.41,0.88,45.3,0.471,1.16,0.049,2.81
16:20,EQTL3.SA,0.15,98.35,0.93,45.34,0.449,1.2,-0.056,3.42
16:30,EQTL3.SA,0.11,98.32,1.3,45.86,0.577,0.83,0.051,2.99
16:40,EQTL3.SA,0.17,97.55,1.27,44.73,0.495,0.87,-0.036,2.66
16:50,EQTL3.SA,0.44,99.1,0.97,44.24,0.399,0.88,-0.099,3.09
17:00,EQTL3.SA,0.21,97.43,0.53,44.4,0.517,0.95,0.006,2.79
17:10,EQTL3.SA,0.2,98.12,1.08,44.23,0.389,0.89,0.081,3.34
17:20,EQTL3.SA,0.14,98.62,0.63,45.52,0.244,1.05,-0.054,3.3
17:30,EQTL3.SA,0.26,98.7,0.76,45.67,0.297,1.18,0.095,2.72
17:40,EQTL3.SA,0.23,99.23,1.2,45.41,0.546,1.19,-0.069,2.85
17:50,EQTL3.SA,0.3,97.72,1.32,44.6,0.616,0.91,-0.017,3.22
18:00,EQTL3.SA,0.32,97.03,0.83,44.96,0.526,0.99,-0.06,2.9
09:00,USIM5.SA,0.35,98.05,0.94,10.73,0.078,0.93,0.015,2.86
09:10,USIM5.SA,0.13,99.22,1.36,10.78,0.063,1.05,0.094,2.81
09:20,USIM5.SA,0.25,97.8,1.03,10.5,0.152,0.8,-0.003,2.78
09:30,USIM5.SA,0.16,99.06,1.35,10.56,0.075,0.94,-0.084,2.72
09:40,USIM5.SA,0.13,98.81,0.98,10.55,0.126,1.19,0.065,3.18
09:50,USIM5.SA,0.29,98.95,1.37,10.4,0.102,1.07,-0.011,3.49
10:00,USIM5.SA,0.42,98.45,1.32,10.45,0.057,0.93,0.038,3.25
10:10,USIM5.SA,0.49,97.49,0.63,10.63,0.113,1.2,-0.032,3.48
10:20,USIM5.SA,0.23,97.94,0.54,10.43,0.108,1.08,0.072,3.42
10:30,USIM5.SA,0.4,98.05,0.54,10.73,0.142,1.16,-0.041,3.37
10:40,USIM5.SA,0.46,97.1,0.95,10.4,0.069,0.82,-0.047,3.49
10:50,USIM5.SA,0.22,99.42,0.58,10.81,0.155,1.0,-0.056,2.94
11:00,USIM5.SA,0.2,97.58,0.78,10.64,0.111,1.1,0.049,2.69
11:10,USIM5.SA,0.24,99.14,0.95,10.64,0.095,0.85,-0.1,3.21
11:20,USIM5.SA,0.19,97.58,1.2,10.63,0.079,0.88,-0.058,2.93
11:30,USIM5.SA,0.16,97.44,0.75,10.77,0.127,1.0,-0.013,3.11
11:40,USIM5.SA,0.44,99.43,0.63,10.67,0.058,1.1,0.036,2.91
11:50,USIM5.SA,0.22,98.78,0.87,10.39,0.075,1.09,-0.092,3.09
12:00,USIM5.SA,0.24,98.44,0.5,10.39,0.136,1.0,0.053,2.88
12:10,USIM5.SA,0.49,98.24,0.89,10.53,0.12,0.83,0.028,2.73
12:20,USIM5.SA,0.18,99.35,0.89,10.76,0.1,0.92,-0.067,2.52
12:30,USIM5.SA,0.16,97.29,0.79,10.66,0.111,1.16,0.084,3.43
12:40,USIM5.SA,0.27,97.04,1.32,10.74,0.087,1.07,0.024,2.65
12:50,USIM5.SA,0.41,97.96,0.69,10.57,0.093,0.9,0.079,2.95
13:00,USIM5.SA,0.38,98.84,1.48,10.69,0.071,1.06,-0.039,3.35
13:10,USIM5.SA,0.23,97.85,1.13,10.43,0.154,1.02,0.065,2.87
13:20,USIM5.SA,0.46,99.36,0.86,10.78,0.088,0.9,-0.059,3.46
13:30,USIM5.SA,0.49,98.55,1.2,10.65,0.137,1.06,-0.041,2.99
13:40,USIM5.SA,0.46,98.69,0.78,10.52,0.135,1.05,0.089,3.16
13:50,USIM5.SA,0.41,97.27,0.94,10.55,0.15,1.1,-0.042,2.75
14:00,USIM5.SA,0.37,98.54,1.21,10.53,0.116,0.84,0.011,2.86
14:10,USIM5.SA,0.13,98.28,0.74,10.65,0.081,1.1,-0.034,3.06
14:20,USIM5.SA,0.49,98.52,0.59,10.51,0.087,1.17,0.023,2.97
14:30,USIM5.SA,0.41,97.5,0.52,10.69,0.145,0.8,-0.017,3.28
14:40,USIM5.SA,0.45,97.04,0.56,10.47,0.091,0.9,-0.054,2.79
14:50,USIM5.SA,0.31,98.62,1.24,10.51,0.098,1.03,0.02,3.22
15:00,USIM5.SA,0.35,98.35,1.06,10.46,0.15,1.15,0.024,2.77
15:10,USIM5.SA,0.12,98.44,1.47,10.44,0.159,1.04,-0.056,3.1
15:20,USIM5.SA,0.28,98.95,1.36,10.51,0.155,0.96,0.027,3.4
15:30,USIM5.SA,0.35,98.97,0.97,10.6,0.138,0.85,0.04,3.16
15:40,USIM5.SA,0.24,99.4,1.2,10.58,0.059,1.06,-0.042,3.0
15:50,USIM5.SA,0.13,97.27,0.76,10.6,0.063,1.15,0.06,3.14
16:00,USIM5.SA,0.49,98.24,1.08,10.81,0.112,0.81,0.024,3.25
16:10,USIM5.SA,0.19,97.7,1.24,10.5,0.064,1.09,0.076,2.52
16:20,USIM5.SA,0.48,99.28,1.47,10.55,0.128,0.91,0.073,2.99
16:30,USIM5.SA,0.35,97.74,1.03,10.44,0.097,0.83,0.091,2.69
16:40,USIM5.SA,0.21,97.36,0.66,10.52,0.143,1.15,-0.014,2.97
16:50,USIM5.SA,0.21,97.21,1.12,10.51,0.089,0.91,-0.061,3.16
17:00,USIM5.SA,0.36,99.05,1.37,10.58,0.085,0.8,-0.049,3.4
17:10,USIM5.SA,0.44,97.44,1.18,10.81,0.109,0.95,-0.062,2.93
17:20,USIM5.SA,0.35,99.3,1.36,10.75,0.119,0.91,-0.003,3.17
17:30,USIM5.SA,0.41,98.83,0.55,10.59,0.082,0.82,-0.018,2.89
17:40,USIM5.SA,0.29,98.41,1.29,10.69,0.071,1.19,-0.085,3.31
17:50,USIM5.SA,0.49,97.43,1.29,10.69,0.076,1.02,-0.082,3.18
18:00,USIM5.SA,0.14,98.0,0.71,10.58,0.12,0.85,0.092,3.02
09:00,CSAN3.SA,0.18,98.07,0.89,16.82,0.195,0.96,0.07,2.82
09:10,CSAN3.SA,0.17,99.06,1.03,16.5,0.235,0.81,-0.083,2.55
09:20,CSAN3.SA,0.25,98.13,0.78,16.5,0.186,0.81,0.046,3.34
09:30,CSAN3.SA,0.35,98.28,1.45,16.85,0.196,1.07,0.004,2.56
09:40,CSAN3.SA,0.41,97.33,1.08,16.79,0.237,1.14,0.01,2.54
09:50,CSAN3.SA,0.39,98.95,1.13,16.5,0.24,0.88,0.093,3.33
10:00,CSAN3.SA,0.39,98.15,0.86,16.95,0.248,1.03,-0.079,3.3
10:10,CSAN3.SA,0.35,98.02,0.8,16.6,0.22,0.9,0.082,2.67
10:20,CSAN3.SA,0.44,97.1,1.21,17.09,0.25,0.94,-0.064,3.34
10:30,CSAN3.SA,0.42,97.74,1.2,16.97,0.196,1.18,-0.042,2.76
10:40,CSAN3.SA,0.38,99.4,1.3,17.05,0.117,1.13,-0.001,2.62
10:50,CSAN3.SA,0.24,97.16,0.61,17.05,0.226,0.91,0.094,2.51
11:00,CSAN3.SA,0.38,99.44,0.77,16.67,0.158,0.86,0.022,3.43
11:10,CSAN3.SA,0.42,97.24,1.06,16.88,0.23,0.89,-0.045,3.41
11:20,CSAN3.SA,0.22,98.99,0.63,16.6,0.185,1.18,-0.054,3.34
11:30,CSAN3.SA,0.41,98.57,0.67,16.79,0.088,0.95,-0.033,2.68
11:40,CSAN3.SA,0.37,97.42,0.65,17.05,0.184,1.06,-0.027,3.45
11:50,CSAN3.SA,0.49,99.14,1.14,16.65,0.128,1.13,-0.037,2.57
12:00,CSAN3.SA,0.19,97.45,1.41,16.57,0.183,1.05,0.03,3.29
12:10,CSAN3.SA,0.48,99.44,0.84,16.68,0.189,0.81,-0.076,2.57
12:20,CSAN3.SA,0.5,97.63,1.04,16.49,0.186,1.05,0.012,3.04
12:30,CSAN3.SA,0.4,97.88,0.63,16.51,0.181,1.09,0.012,3.09
12:40,CSAN3.SA,0.14,99.18,1.46,16.93,0.178,0.94,0.038,2.85
12:50,CSAN3.SA,0.27,98.53,0.75,16.91,0.161,1.04,-0.052,3.48
13:00,CSAN3.SA,0.45,97.25,1.43,16.7,0.164,0.82,0.011,2.69
13:10,CSAN3.SA,0.34,98.26,0.59,17.11,0.164,0.99,0.081,3.37
13:20,CSAN3.SA,0.21,97.06,0.92,17.13,0.219,0.88,-0.013,3.12
13:30,CSAN3.SA,0.37,97.21,1.2,16.8,0.111,1.05,-0.06,3.37
13:40,CSAN3.SA,0.33,98.87,0.78,16.56,0.18,1.06,-0.02,2.97
13:50,CSAN3.SA,0.43,98.31,0.95,17.11,0.234,0.88,0.014,2.57
14:00,CSAN3.SA,0.45,99.46,0.78,16.62,0.228,1.13,0.089,2.63
14:10,CSAN3.SA,0.19,98.28,1.47,16.8,0.12,0.91,0.013,3.25
14:20,CSAN3.SA,0.38,97.17,0.84,16.99,0.236,1.14,-0.035,3.3
14:30,CSAN3.SA,0.29,97.06,1.48,16.49,0.166,1.2,0.015,2.53
14:40,CSAN3.SA,0.22,98.67,1.14,16.87,0.166,1.08,-0.099,2.59
14:50,CSAN3.SA,0.25,99.06,1.06,16.63,0.106,1.01,0.032,3.41
15:00,CSAN3.SA,0.28,98.63,0.82,17.1,0.167,0.97,0.051,3.04
15:10,CSAN3.SA,0.12,98.26,1.32,16.82,0.084,0.8,-0.01,2.59
15:20,CSAN3.SA,0.4,97.7,0.91,16.47,0.245,0.86,0.021,3.13
15:30,CSAN3.SA,0.44,97.06,0.76,16.72,0.202,0.92,-0.069,2.64
15:40,CSAN3.SA,0.42,98.47,0.6,16.5,0.213,0.91,-0.054,2.98
15:50,CSAN3.SA,0.33,97.12,0.89,16.81,0.148,1.03,-0.003,2.7
16:00,CSAN3.SA,0.16,98.24,0.99,16.79,0.171,1.04,-0.003,2.88
16:10,CSAN3.SA,0.1,98.54,0.84,16.7,0.211,1.02,-0.04,3.39
16:20,CSAN3.SA,0.29,99.31,1.12,16.47,0.183,0.81,0.058,2.87
16:30,CSAN3.SA,0.13,98.57,1.37,16.57,0.226,1.06,0.045,2.88
16:40,CSAN3.SA,0.31,98.92,0.55,16.52,0.211,1.18,0.049,3.18
16:50,CSAN3.SA,0.34,97.24,0.75,16.6,0.142,1.07,0.012,2.86
17:00,CSAN3.SA,0.3,98.12,1.28,16.82,0.132,0.9,-0.033,2.75
17:10,CSAN3.SA,0.42,99.36,0.81,16.82,0.162,1.07,-0.003,3.43
17:20,CSAN3.SA,0.15,97.82,1.4,16.66,0.093,0.82,-0.088,2.99
17:30,CSAN3.SA,0.35,97.18,1.34,16.63,0.218,1.11,-0.037,3.36
17:40,CSAN3.SA,0.3,98.87,0.74,16.98,0.107,0.96,0.03,2.73
17:50,CSAN3.SA,0.42,98.58,1.24,16.53,0.107,1.07,0.027,2.82
18:00,CSAN3.SA,0.24,99.15,1.5,16.96,0.136,0.82,0.032,2.9
09:00,HYPE3.SA,0.11,97.74,1.31,23.54,0.151,1.02,0.054,3.06
09:10,HYPE3.SA,0.31,98.79,0.57,23.76,0.233,0.97,-0.075,3.35
09:20,HYPE3.SA,0.49,97.35,1.01,23.45,0.327,1.04,0.049,3.15
09:30,HYPE3.SA,0.35,98.45,1.18,23.81,0.285,1.09,0.028,2.61
09:40,HYPE3.SA,0.44,98.63,0.84,23.28,0.136,0.93,0.063,2.63
09:50,HYPE3.SA,0.38,97.49,1.22,23.32,0.277,1.2,0.085,2.59
10:00,HYPE3.SA,0.5,98.07,1.1,23.19,0.15,0.96,0.041,3.06
10:10,HYPE3.SA,0.41,99.23,1.11,23.52,0.16,0.96,0.092,3.34
10:20,HYPE3.SA,0.22,97.95,1.25,23.78,0.318,1.08,0.049,3.18
10:30,HYPE3.SA,0.3,99.02,0.59,23.18,0.153,0.84,0.071,3.15
10:40,HYPE3.SA,0.44,97.28,1.47,23.32,0.169,1.19,0.053,2.8
10:50,HYPE3.SA,0.31,97.51,1.31,23.67,0.264,1.1,0.021,3.37
11:00,HYPE3.SA,0.25,97.5,1.48,23.59,0.292,1.05,0.059,3.05
11:10,HYPE3.SA,0.11,97.99,0.62,23.5,0.224,1.14,0.057,2.54
11:20,HYPE3.SA,0.38,97.53,1.47,23.28,0.183,0.89,0.058,2.69
11:30,HYPE3.SA,0.23,97.39,1.13,23.01,0.243,1.02,0.097,2.76
11:40,HYPE3.SA,0.16,98.76,0.96,23.72,0.346,1.05,-0.044,2.83
11:50,HYPE3.SA,0.36,98.88,0.85,23.02,0.299,0.83,-0.083,3.3
12:00,HYPE3.SA,0.1,97.75,1.47,23.68,0.336,0.83,0.01,2.86
12:10,HYPE3.SA,0.3,99.21,1.04,22.96,0.165,1.13,-0.002,2.63
12:20,HYPE3.SA,0.2,99.15,1.09,23.04,0.232,1.03,0.052,2.92
12:30,HYPE3.SA,0.24,98.36,1.17,23.41,0.158,1.1,0.095,3.07
12:40,HYPE3.SA,0.23,97.19,0.82,23.75,0.246,0.9,-0.075,2.95
12:50,HYPE3.SA,0.12,99.2,1.24,23.31,0.188,0.82,0.034,3.17
13:00,HYPE3.SA,0.28,98.86,1.0,23.29,0.2,1.03,-0.04,2.56
13:10,HYPE3.SA,0.31,99.48,0.92,23.55,0.331,0.87,-0.009,2.89
13:20,HYPE3.SA,0.17,97.86,0.58,23.44,0.339,1.16,0.004,2.88
13:30,HYPE3.SA,0.11,98.85,0.52,23.37,0.13,1.0,-0.028,2.88
13:40,HYPE3.SA,0.43,98.22,1.37,23.21,0.177,1.12,0.002,3.1
13:50,HYPE3.SA,0.26,97.55,1.24,23.29,0.224,0.98,0.066,3.24
14:00,HYPE3.SA,0.1,98.01,1.12,23.35,0.118,1.16,-0.05,2.96
14:10,HYPE3.SA,0.14,97.46,0.97,23.31,0.175,0.84,0.038,2.51
14:20,HYPE3.SA,0.28,98.64,0.85,22.99,0.303,1.05,0.017,3.03
14:30,HYPE3.SA,0.13,98.95,0.67,22.98,0.171,1.02,0.049,2.54
14:40,HYPE3.SA,0.3,97.11,1.49,23.68,0.265,1.09,-0.04,2.61
14:50,HYPE3.SA,0.22,98.04,1.33,23.09,0.207,1.15,0.052,2.92
15:00,HYPE3.SA,0.21,98.9,1.07,23.16,0.303,1.16,-0.058,2.71
15:10,HYPE3.SA,0.37,98.01,0.51,23.21,0.175,0.97,-0.08,3.2
15:20,HYPE3.SA,0.29,97.18,1.27,23.58,0.314,1.11,0.058,3.04
15:30,HYPE3.SA,0.11,98.54,1.34,23.82,0.176,1.09,-0.093,2.74
15:40,HYPE3.SA,0.18,97.45,1.17,23.19,0.291,0.95,0.071,3.24
15:50,HYPE3.SA,0.49,97.31,1.08,23.57,0.131,1.1,0.023,3.3
16:00,HYPE3.SA,0.37,98.74,1.03,23.08,0.147,0.84,0.033,3.25
16:10,HYPE3.SA,0.1,98.65,1.05,23.83,0.15,0.97,-0.097,2.53
16:20,HYPE3.SA,0.24,98.52,0.86,23.49,0.157,1.14,0.044,3.23
16:30,HYPE3.SA,0.16,97.87,0.59,23.53,0.164,1.11,0.057,2.82
16:40,HYPE3.SA,0.5,97.06,1.34,23.46,0.274,0.98,-0.038,3.06
16:50,HYPE3.SA,0.4,97.63,1.12,23.77,0.22,0.93,-0.07,3.32
17:00,HYPE3.SA,0.47,97.29,1.11,23.54,0.159,0.98,0.019,2.85
17:10,HYPE3.SA,0.43,98.11,0.83,23.76,0.351,1.13,-0.045,2.54
17:20,HYPE3.SA,0.42,97.17,0.74,23.36,0.294,0.81,0.024,3.03
17:30,HYPE3.SA,0.29,98.84,0.8,23.04,0.214,1.17,-0.09,3.12
17:40,HYPE3.SA,0.15,98.24,0.8,23.46,0.245,0.97,0.083,2.8
17:50,HYPE3.SA,0.5,97.22,0.74,23.69,0.243,0.86,0.092,3.1
18:00,HYPE3.SA,0.12,99.08,1.5,23.12,0.135,0.82,-0.011,2.66
09:00,BRFS3.SA,0.47,97.53,0.53,15.81,0.126,1.03,0.047,2.66
09:10,BRFS3.SA,0.47,97.45,1.3,16.1,0.24,1.02,-0.022,3.31
09:20,BRFS3.SA,0.25,97.69,1.19,16.31,0.22,0.92,-0.019,2.86
09:30,BRFS3.SA,0.36,98.96,1.18,15.96,0.181,1.11,0.042,2.97
09:40,BRFS3.SA,0.4,98.18,0.7,15.99,0.149,0.84,-0.086,2.66
09:50,BRFS3.SA,0.27,98.46,0.84,16.06,0.215,0.94,0.081,2.78
10:00,BRFS3.SA,0.34,98.78,0.79,16.17,0.206,0.98,0.098,2.89
10:10,BRFS3.SA,0.45,98.25,0.55,16.26,0.143,1.18,-0.078,2.53
10:20,BRFS3.SA,0.14,99.37,0.75,16.07,0.154,0.92,0.095,3.15
10:30,BRFS3.SA,0.42,97.87,1.19,15.88,0.144,0.94,-0.077,2.81
10:40,BRFS3.SA,0.37,98.09,0.63,15.96,0.093,1.17,0.047,3.46
10:50,BRFS3.SA,0.41,99.28,0.51,15.8,0.158,0.91,0.015,3.38
11:00,BRFS3.SA,0.14,98.71,1.07,16.23,0.106,0.92,0.018,3.12
11:10,BRFS3.SA,0.26,98.68,0.96,15.81,0.238,1.16,-0.09,3.08
11:20,BRFS3.SA,0.49,99.08,0.99,15.94,0.085,0.99,0.047,2.53
11:30,BRFS3.SA,0.18,98.05,1.18,15.96,0.177,1.04,0.039,3.16
11:40,BRFS3.SA,0.27,97.81,1.39,16.33,0.192,0.85,0.037,2.73
11:50,BRFS3.SA,0.16,98.01,1.3,16.09,0.138,1.06,0.035,3.05
12:00,BRFS3.SA,0.32,97.57,1.12,15.89,0.241,1.1,0.038,2.78
12:10,BRFS3.SA,0.26,98.08,1.1,16.16,0.204,1.11,0.068,2.87
12:20,BRFS3.SA,0.32,97.36,1.37,16.27,0.152,1.05,0.038,2.58
12:30,BRFS3.SA,0.47,97.62,1.42,16.08,0.12,1.03,0.035,3.16
12:40,BRFS3.SA,0.29,99.11,1.05,15.89,0.162,0.85,0.002,3.15
12:50,BRFS3.SA,0.29,99.5,0.67,16.42,0.234,1.0,0.088,2.5
13:00,BRFS3.SA,0.43,97.2,0.74,15.97,0.094,1.15,-0.006,2.93
13:10,BRFS3.SA,0.25,99.1,0.99,15.92,0.156,0.84,-0.001,2.78
13:20,BRFS3.SA,0.18,97.74,1.21,16.02,0.24,0.89,0.026,2.88
13:30,BRFS3.SA,0.31,97.96,0.8,16.38,0.202,0.92,-0.002,3.24
13:40,BRFS3.SA,0.25,97.15,1.29,16.11,0.139,1.16,-0.094,2.77
13:50,BRFS3.SA,0.31,99.04,1.41,16.06,0.231,0.92,0.086,3.38
14:00,BRFS3.SA,0.18,97.82,0.85,16.23,0.167,1.09,0.085,2.68
14:10,BRFS3.SA,0.49,98.71,1.15,16.3,0.117,0.89,0.062,2.5
14:20,BRFS3.SA,0.41,98.45,0.84,16.01,0.234,0.99,-0.055,3.01
14:30,BRFS3.SA,0.2,97.97,0.7,16.05,0.189,0.92,0.066,2.95
14:40,BRFS3.SA,0.31,98.95,0.6,16.16,0.169,0.81,-0.003,3.28
14:50,BRFS3.SA,0.21,97.93,0.72,15.89,0.117,1.08,-0.006,3.0
15:00,BRFS3.SA,0.24,97.79,0.68,15.85,0.089,0.85,-0.006,3.09
15:10,BRFS3.SA,0.21,97.8,1.04,16.13,0.1,1.17,0.052,3.06
15:20,BRFS3.SA,0.31,98.32,1.2,16.09,0.19,1.1,-0.056,3.26
15:30,BRFS3.SA,0.32,97.53,1.43,16.26,0.157,1.02,0.048,3.34
15:40,BRFS3.SA,0.4,98.51,0.5,16.18,0.122,0.99,-0.019,2.81
15:50,BRFS3.SA,0.13,99.31,1.43,16.1,0.208,1.01,0.062,3.43
16:00,BRFS3.SA,0.46,97.19,1.05,15.88,0.176,0.81,-0.041,2.86
16:10,BRFS3.SA,0.14,98.14,1.37,15.82,0.107,1.13,0.066,2.77
16:20,BRFS3.SA,0.1,98.95,0.63,15.93,0.161,1.03,0.081,2.82
16:30,BRFS3.SA,0.35,99.41,0.66,16.04,0.103,0.95,0.019,2.79
16:40,BRFS3.SA,0.44,98.88,1.16,15.99,0.128,0.94,-0.022,2.99
16:50,BRFS3.SA,0.36,98.5,1.35,16.02,0.121,0.88,-0.096,3.16
17:00,BRFS3.SA,0.25,99.37,1.14,16.39,0.241,1.14,0.098,3.1
17:10,BRFS3.SA,0.21,99.08,1.27,16.29,0.147,1.02,0.02,3.11
17:20,BRFS3.SA,0.17,98.4,0.77,16.18,0.176,1.1,0.071,2.6
17:30,BRFS3.SA,0.47,99.02,0.77,15.98,0.223,0.88,-0.021,2.86
17:40,BRFS3.SA,0.15,97.72,0.79,16.17,0.203,1.14,-0.093,2.57
17:50,BRFS3.SA,0.4,97.05,1.3,16.32,0.195,1.01,-0.034,2.95
18:00,BRFS3.SA,0.17,98.27,0.55,16.1,0.208,0.98,-0.085,3.18
09:00,ELET3.SA,0.21,97.35,0.77,38.48,0.304,1.14,-0.036,2.53
09:10,ELET3.SA,0.22,99.24,1.25,38.13,0.357,1.06,0.088,2.53
09:20,ELET3.SA,0.43,98.39,0.66,39.21,0.198,1.19,-0.06,3.01
09:30,ELET3.SA,0.41,97.78,0.51,38.99,0.416,0.87,-0.092,2.52
09:40,ELET3.SA,0.2,99.36,0.51,39.23,0.534,0.87,-0.034,2.69
09:50,ELET3.SA,0.11,98.7,1.11,38.24,0.492,1.12,-0.022,2.92
10:00,ELET3.SA,0.29,99.17,0.52,38.99,0.443,1.06,-0.0,3.02
10:10,ELET3.SA,0.37,98.05,1.08,38.8,0.205,1.06,-0.004,2.81
10:20,ELET3.SA,0.49,97.29,0.73,38.39,0.55,1.18,0.065,3.18
10:30,ELET3.SA,0.24,99.05,0.65,38.47,0.399,0.91,0.021,2.91
10:40,ELET3.SA,0.11,97.46,0.92,39.4,0.39,0.9,-0.024,3.35
10:50,ELET3.SA,0.12,98.27,1.04,39.54,0.46,1.06,-0.079,3.31
11:00,ELET3.SA,0.41,98.34,0.53,38.78,0.258,0.93,0.01,2.67
11:10,ELET3.SA,0.37,97.74,1.37,39.1,0.439,0.85,0.009,3.12
11:20,ELET3.SA,0.3,97.91,1.45,38.17,0.244,1.03,-0.037,3.35
11:30,ELET3.SA,0.45,99.09,0.56,39.28,0.381,0.87,0.005,2.87
11:40,ELET3.SA,0.46,98.1,0.79,38.87,0.283,0.95,0.073,2.74
11:50,ELET3.SA,0.16,97.84,0.68,38.31,0.276,1.07,-0.074,3.4
12:00,ELET3.SA,0.12,99.02,0.99,38.59,0.199,0.87,-0.083,2.59
12:10,ELET3.SA,0.27,98.31,1.03,39.03,0.366,1.16,0.067,3.0
12:20,ELET3.SA,0.43,98.22,1.37,38.73,0.297,1.2,0.033,3.08
12:30,ELET3.SA,0.44,99.49,0.78,39.16,0.563,1.07,0.03,2.62
12:40,ELET3.SA,0.1,99.35,0.77,39.59,0.222,1.03,0.005,3.35
12:50,ELET3.SA,0.16,98.25,1.26,39.55,0.463,1.16,0.003,3.02
13:00,ELET3.SA,0.37,97.73,0.71,38.96,0.345,0.83,-0.079,2.7
13:10,ELET3.SA,0.47,98.59,0.54,38.84,0.453,0.88,-0.003,3.05
13:20,ELET3.SA,0.34,97.11,0.57,39.19,0.402,0.84,-0.085,3.03
13:30,ELET3.SA,0.36,99.49,1.28,39.01,0.339,0.98,0.026,2.64
13:40,ELET3.SA,0.14,98.1,0.53,39.08,0.505,0.93,0.09,2.75
13:50,ELET3.SA,0.13,98.04,1.11,39.64,0.328,0.87,-0.008,3.45
14:00,ELET3.SA,0.27,97.95,1.11,39.58,0.555,0.84,0.069,2.72
14:10,ELET3.SA,0.36,97.45,0.53,39.26,0.402,0.87,0.063,3.47
14:20,ELET3.SA,0.39,97.51,1.34,38.91,0.256,1.15,-0.032,3.2
14:30,ELET3.SA,0.3,99.36,1.3,38.86,0.427,0.86,-0.01,2.6
14:40,ELET3.SA,0.28,98.37,0.99,38.8,0.541,0.81,0.043,3.05
14:50,ELET3.SA,0.29,98.15,0.9,38.4,0.215,1.12,-0.093,2.65
15:00,ELET3.SA,0.28,98.82,1.35,38.78,0.237,0.89,-0.07,2.72
15:10,ELET3.SA,0.46,98.51,0.69,38.62,0.449,0.96,0.089,2.66
15:20,ELET3.SA,0.4,97.2,0.77,38.81,0.303,1.08,-0.011,2.5
15:30,ELET3.SA,0.38,99.21,0.98,38.75,0.432,0.9,0.01,3.0
15:40,ELET3.SA,0.45,99.33,0.85,38.7,0.478,0.93,-0.069,3.17
15:50,ELET3.SA,0.2,97.47,1.25,38.8,0.407,0.96,-0.006,2.64
16:00,ELET3.SA,0.4,97.38,0.9,39.24,0.214,1.08,0.07,2.86
16:10,ELET3.SA,0.15,97.67,1.47,38.28,0.581,1.14,0.089,2.56
16:20,ELET3.SA,0.36,97.03,0.57,39.29,0.284,1.2,0.043,3.31
16:30,ELET3.SA,0.16,98.13,0.61,38.88,0.54,0.97,-0.006,3.49
16:40,ELET3.SA,0.38,98.35,1.4,38.84,0.461,1.14,-0.068,2.57
16:50,ELET3.SA,0.5,97.94,0.83,39.47,0.383,1.15,0.049,2.54
17:00,ELET3.SA,0.26,99.3,1.44,38.35,0.257,0.91,-0.018,3.17
17:10,ELET3.SA,0.21,97.7,0.74,39.14,0.21,0.93,0.059,2.61
17:20,ELET3.SA,0.41,97.06,1.03,38.69,0.3,1.07,-0.047,3.43
17:30,ELET3.SA,0.28,97.95,0.92,39.57,0.307,0.99,-0.082,3.23
17:40,ELET3.SA,0.37,97.94,1.11,38.9,0.219,0.86,-0.088,3.26
17:50,ELET3.SA,0.27,97.1,0.71,38.51,0.537,0.96,0.018,2.99
18:00,ELET3.SA,0.12,99.36,1.49,39.34,0.461,1.15,-0.046,3.08
09:00,EMBR3.SA,0.28,98.69,1.04,24.78,0.314,1.0,-0.04,3.34
09:10,EMBR3.SA,0.19,98.72,1.4,24.4,0.154,1.08,0.03,2.57
09:20,EMBR3.SA,0.28,98.88,1.08,23.94,0.251,1.15,-0.06,2.79
09:30,EMBR3.SA,0.34,99.14,0.93,24.65,0.337,1.03,0.06,2.69
09:40,EMBR3.SA,0.32,97.61,1.38,24.26,0.326,0.88,-0.088,2.73
09:50,EMBR3.SA,0.28,97.95,1.22,23.96,0.125,0.86,0.02,3.17
10:00,EMBR3.SA,0.22,98.19,1.42,24.43,0.268,0.89,-0.006,2.68
10:10,EMBR3.SA,0.25,98.16,1.13,24.1,0.357,1.13,-0.022,2.96
10:20,EMBR3.SA,0.46,99.05,0.51,24.58,0.241,0.84,-0.051,3.13
10:30,EMBR3.SA,0.34,97.35,0.52,23.94,0.218,0.93,0.019,2.78
10:40,EMBR3.SA,0.24,98.66,1.27,24.23,0.297,1.18,-0.093,3.22
10:50,EMBR3.SA,0.44,98.23,0.67,24.43,0.263,1.15,0.088,2.83
11:00,EMBR3.SA,0.33,97.13,0.9,24.43,0.153,1.08,-0.012,3.4
11:10,EMBR3.SA,0.25,97.83,0.64,24.06,0.25,0.86,0.017,3.25
11:20,EMBR3.SA,0.24,98.24,1.42,24.07,0.265,1.08,-0.047,2.92
11:30,EMBR3.SA,0.2,98.57,0.87,24.56,0.275,1.14,0.073,3.11
11:40,EMBR3.SA,0.36,99.22,0.87,24.65,0.156,0.97,0.032,2.63
11:50,EMBR3.SA,0.4,97.51,0.92,23.87,0.314,1.06,-0.002,2.63
12:00,EMBR3.SA,0.29,97.09,1.43,24.06,0.227,1.0,0.013,2.58
12:10,EMBR3.SA,0.49,98.26,1.43,24.35,0.187,1.15,-0.087,3.31
12:20,EMBR3.SA,0.19,97.16,0.79,24.6,0.221,0.86,0.084,3.18
12:30,EMBR3.SA,0.33,99.43,0.89,24.43,0.31,0.86,0.014,3.46
12:40,EMBR3.SA,0.28,99.35,1.4,24.73,0.225,1.18,-0.007,2.56
12:50,EMBR3.SA,0.35,98.93,0.65,24.63,0.177,1.09,0.018,3.43
13:00,EMBR3.SA,0.2,97.68,1.13,24.6,0.212,1.13,-0.055,2.55
13:10,EMBR3.SA,0.2,97.56,0.89,24.69,0.186,0.94,-0.025,3.05
13:20,EMBR3.SA,0.39,98.68,1.46,24.42,0.31,0.82,-0.039,3.39
13:30,EMBR3.SA,0.11,97.81,0.75,24.16,0.163,0.95,-0.043,3.33
13:40,EMBR3.SA,0.44,98.6,0.61,24.51,0.128,0.97,0.053,3.46
13:50,EMBR3.SA,0.23,98.34,1.21,24.11,0.312,1.11,-0.04,2.99
14:00,EMBR3.SA,0.19,98.0,0.98,24.21,0.195,1.1,-0.03,3.46
14:10,EMBR3.SA,0.34,98.62,0.6,24.49,0.268,1.19,-0.005,2.71
14:20,EMBR3.SA,0.1,99.06,0.96,24.23,0.32,1.09,0.007,3.36
14:30,EMBR3.SA,0.32,97.55,1.02,24.42,0.249,1.19,-0.077,2.52
14:40,EMBR3.SA,0.49,97.3,0.71,24.01,0.261,0.85,0.008,3.26
14:50,EMBR3.SA,0.33,98.1,1.12,24.13,0.321,0.93,0.007,2.99
15:00,EMBR3.SA,0.43,97.99,0.87,24.53,0.284,1.04,0.074,3.33
15:10,EMBR3.SA,0.13,97.72,1.43,24.16,0.341,1.12,-0.024,3.27
15:20,EMBR3.SA,0.36,98.8,0.95,24.64,0.327,1.18,0.087,3.19
15:30,EMBR3.SA,0.18,97.57,1.31,24.67,0.178,0.94,-0.088,2.64
15:40,EMBR3.SA,0.25,99.23,0.93,23.91,0.294,1.12,0.01,3.47
15:50,EMBR3.SA,0.21,97.23,1.03,24.51,0.294,0.82,0.025,3.04
16:00,EMBR3.SA,0.3,97.3,1.05,24.21,0.282,0.91,-0.008,2.81
16:10,EMBR3.SA,0.12,98.15,0.99,24.21,0.128,1.03,0.096,3.0
16:20,EMBR3.SA,0.3,99.43,0.9,24.59,0.259,0.87,0.044,2.57
16:30,EMBR3.SA,0.26,97.37,0.62,23.86,0.32,0.85,0.02,2.63
16:40,EMBR3.SA,0.24,97.35,1.28,24.26,0.154,0.91,-0.029,2.76
16:50,EMBR3.SA,0.24,98.59,0.61,24.07,0.281,0.92,-0.003,2.63
17:00,EMBR3.SA,0.34,98.38,0.76,24.32,0.261,0.83,-0.044,2.88
17:10,EMBR3.SA,0.48,99.37,1.48,23.91,0.216,0.96,0.08,3.25
17:20,EMBR3.SA,0.36,97.33,1.15,24.76,0.183,0.9,-0.014,2.88
17:30,EMBR3.SA,0.24,98.77,0.95,24.07,0.15,1.18,-0.055,2.66
17:40,EMBR3.SA,0.45,98.17,1.15,24.32,0.141,1.04,0.059,2.54
17:50,EMBR3.SA,0.25,98.59,1.09,23.97,0.324,0.99,0.021,3.12
18:00,EMBR3.SA,0.39,97.6,0.6,24.39,0.284,0.94,0.051,3.36
09:00,TIMS3.SA,0.21,97.56,1.19,11.98,0.147,0.86,-0.048,3.05
09:10,TIMS3.SA,0.3,97.7,0.74,12.08,0.154,1.13,-0.064,3.29
09:20,TIMS3.SA,0.24,97.06,1.14,12.28,0.086,0.81,-0.015,2.88
09:30,TIMS3.SA,0.27,98.56,1.47,12.25,0.179,0.96,-0.066,2.96
09:40,TIMS3.SA,0.32,97.05,1.12,12.22,0.12,1.13,-0.096,2.6
09:50,TIMS3.SA,0.25,97.81,0.69,12.22,0.168,1.11,0.013,2.73
10:00,TIMS3.SA,0.21,97.7,0.59,12.3,0.121,1.2,0.014,2.86
10:10,TIMS3.SA,0.25,97.8,1.26,12.19,0.122,0.96,-0.026,2.77
10:20,TIMS3.SA,0.12,98.75,1.43,12.31,0.115,0.99,-0.062,3.46
10:30,TIMS3.SA,0.44,98.75,1.09,12.13,0.162,1.1,-0.081,2.66
10:40,TIMS3.SA,0.35,99.36,0.53,12.27,0.121,1.01,0.063,2.88
10:50,TIMS3.SA,0.32,98.86,1.32,11.94,0.079,0.87,-0.022,2.82
11:00,TIMS3.SA,0.29,97.68,0.76,12.28,0.104,1.03,-0.022,3.04
11:10,TIMS3.SA,0.19,97.61,1.07,11.91,0.14,0.96,0.077,2.82
11:20,TIMS3.SA,0.44,98.25,0.54,12.25,0.076,0.91,-0.036,3.04
11:30,TIMS3.SA,0.25,99.08,0.81,12.19,0.106,1.13,-0.096,3.46
11:40,TIMS3.SA,0.39,97.73,0.72,12.11,0.168,1.09,-0.059,3.44
11:50,TIMS3.SA,0.4,98.72,0.61,12.14,0.068,1.14,-0.034,3.06
12:00,TIMS3.SA,0.16,98.18,0.92,12.23,0.149,0.95,0.027,2.59
12:10,TIMS3.SA,0.41,98.54,0.89,12.26,0.065,1.0,0.061,3.37
12:20,TIMS3.SA,0.38,97.18,0.73,12.03,0.168,0.98,0.063,2.8
12:30,TIMS3.SA,0.2,97.79,0.66,12.18,0.167,0.92,-0.063,3.14
12:40,TIMS3.SA,0.32,98.04,0.98,12.16,0.112,1.17,-0.077,3.42
12:50,TIMS3.SA,0.35,98.46,0.9,12.24,0.081,1.11,0.077,3.22
13:00,TIMS3.SA,0.41,97.52,0.86,12.18,0.133,0.86,-0.032,3.33
13:10,TIMS3.SA,0.35,98.62,0.61,11.94,0.133,1.16,-0.091,2.54
13:20,TIMS3.SA,0.1,97.31,1.47,11.99,0.145,0.84,0.025,3.33
13:30,TIMS3.SA,0.35,99.23,1.24,11.9,0.136,0.85,0.054,2.52
13:40,TIMS3.SA,0.17,98.91,1.46,12.0,0.088,0.81,0.076,2.88
13:50,TIMS3.SA,0.14,98.58,1.48,12.14,0.181,1.13,-0.05,3.04
14:00,TIMS3.SA,0.22,97.73,0.93,11.93,0.098,0.84,-0.004,2.96
14:10,TIMS3.SA,0.47,99.18,1.02,12.11,0.126,1.1,0.095,3.33
14:20,TIMS3.SA,0.43,98.5,1.09,12.15,0.129,1.01,-0.057,2.6
14:30,TIMS3.SA,0.33,97.49,1.01,12.0,0.071,1.02,0.011,2.84
14:40,TIMS3.SA,0.35,98.74,0.73,11.87,0.144,0.88,-0.039,2.71
14:50,TIMS3.SA,0.49,97.92,0.81,12.05,0.096,1.16,-0.085,3.06
15:00,TIMS3.SA,0.39,98.27,1.06,12.22,0.1,0.89,-0.052,3.44
15:10,TIMS3.SA,0.16,97.38,0.79,12.14,0.129,0.81,0.007,2.61
15:20,TIMS3.SA,0.4,99.49,1.0,12.24,0.129,0.83,-0.071,3.03
15:30,TIMS3.SA,0.31,98.99,0.67,11.86,0.099,1.03,-0.07,3.43
15:40,TIMS3.SA,0.46,97.97,0.88,12.0,0.117,1.18,-0.055,2.96
15:50,TIMS3.SA,0.37,98.01,0.7,11.9,0.141,0.81,-0.01,2.79
16:00,TIMS3.SA,0.28,99.45,1.42,12.16,0.098,1.16,-0.042,3.13
16:10,TIMS3.SA,0.48,97.62,1.3,12.28,0.09,1.12,-0.038,2.86
16:20,TIMS3.SA,0.48,99.11,1.2,12.01,0.173,1.11,0.092,3.11
16:30,TIMS3.SA,0.26,97.71,0.88,11.92,0.067,0.8,0.062,2.82
16:40,TIMS3.SA,0.2,97.91,0.91,11.87,0.154,1.08,0.067,3.36
16:50,TIMS3.SA,0.14,98.23,1.41,12.04,0.079,1.08,0.069,2.73
17:00,TIMS3.SA,0.49,98.92,0.74,12.05,0.062,1.03,0.079,3.37
17:10,TIMS3.SA,0.27,98.56,0.96,12.33,0.178,1.11,0.04,2.64
17:20,TIMS3.SA,0.24,97.92,0.61,12.0,0.171,1.08,-0.005,2.84
17:30,TIMS3.SA,0.32,98.5,0.6,12.05,0.115,1.07,0.046,2.73
17:40,TIMS3.SA,0.26,97.75,0.87,12.28,0.124,1.19,0.054,2.91
17:50,TIMS3.SA,0.18,99.22,0.68,12.2,0.141,1.02,0.039,3.42
18:00,TIMS3.SA,0.12,98.06,0.78,11.97,0.163,0.98,-0.003,3.03
09:00,VVAR3.SA,0.34,98.39,1.16,13.29,0.098,1.07,0.074,2.87
09:10,VVAR3.SA,0.42,99.1,0.69,13.59,0.119,0.85,-0.073,2.55
09:20,VVAR3.SA,0.44,97.22,0.59,13.48,0.093,1.08,0.089,2.6
09:30,VVAR3.SA,0.17,97.99,0.59,13.4,0.155,0.97,-0.066,2.58
09:40,VVAR3.SA,0.27,98.84,0.87,13.4,0.108,0.92,0.002,3.11
09:50,VVAR3.SA,0.13,97.13,0.96,13.51,0.176,0.9,0.085,2.65
10:00,VVAR3.SA,0.14,98.08,1.05,13.5,0.144,0.83,0.019,3.0
10:10,VVAR3.SA,0.25,98.91,1.01,13.63,0.155,1.11,0.093,2.84
10:20,VVAR3.SA,0.23,98.19,0.59,13.64,0.197,1.1,0.047,2.7
10:30,VVAR3.SA,0.46,99.02,0.69,13.29,0.174,0.94,0.035,2.59
10:40,VVAR3.SA,0.41,97.84,1.37,13.57,0.088,0.85,-0.015,3.33
10:50,VVAR3.SA,0.12,97.18,0.53,13.2,0.069,1.02,0.072,2.52
11:00,VVAR3.SA,0.15,97.13,1.24,13.41,0.179,1.13,0.048,2.79
11:10,VVAR3.SA,0.22,97.97,1.18,13.31,0.086,1.13,-0.023,3.34
11:20,VVAR3.SA,0.38,98.32,1.29,13.62,0.09,1.13,0.011,3.26
11:30,VVAR3.SA,0.39,98.13,0.87,13.45,0.087,0.92,-0.001,3.28
11:40,VVAR3.SA,0.29,97.2,1.18,13.37,0.09,0.83,0.093,2.52
11:50,VVAR3.SA,0.27,97.89,0.65,13.66,0.174,1.13,0.001,2.61
12:00,VVAR3.SA,0.27,98.87,1.21,13.15,0.1,1.19,-0.097,3.07
12:10,VVAR3.SA,0.25,99.21,0.57,13.29,0.126,1.17,-0.023,3.48
12:20,VVAR3.SA,0.15,97.42,0.79,13.44,0.074,1.1,-0.084,3.01
12:30,VVAR3.SA,0.47,97.6,1.29,13.38,0.177,0.82,0.043,3.06
12:40,VVAR3.SA,0.28,99.1,1.2,13.64,0.086,1.11,-0.013,3.48
12:50,VVAR3.SA,0.19,99.2,1.4,13.31,0.152,0.85,0.059,2.66
13:00,VVAR3.SA,0.42,97.06,1.38,13.27,0.189,1.02,-0.022,3.09
13:10,VVAR3.SA,0.42,97.62,0.97,13.35,0.139,1.1,0.018,2.93
13:20,VVAR3.SA,0.44,97.09,1.27,13.49,0.117,0.96,0.068,2.71
13:30,VVAR3.SA,0.13,98.77,0.74,13.63,0.105,1.02,0.046,3.18
13:40,VVAR3.SA,0.46,98.45,0.86,13.37,0.172,0.85,0.007,3.31
13:50,VVAR3.SA,0.47,98.64,0.8,13.53,0.075,0.85,-0.023,2.68
14:00,VVAR3.SA,0.2,99.42,1.17,13.32,0.075,1.08,-0.039,2.76
14:10,VVAR3.SA,0.1,97.26,0.64,13.54,0.12,1.02,-0.061,2.68
14:20,VVAR3.SA,0.37,97.08,0.95,13.44,0.184,0.94,0.087,3.41
14:30,VVAR3.SA,0.48,97.21,0.93,13.46,0.104,0.99,0.098,2.99
14:40,VVAR3.SA,0.41,98.24,0.77,13.65,0.118,0.82,0.043,2.56
14:50,VVAR3.SA,0.29,99.49,1.11,13.34,0.115,0.99,-0.027,2.82
15:00,VVAR3.SA,0.11,97.4,1.28,13.2,0.087,1.04,0.096,3.17
15:10,VVAR3.SA,0.27,97.38,0.79,13.46,0.097,0.91,0.034,2.79
15:20,VVAR3.SA,0.44,98.18,1.24,13.51,0.108,1.06,0.065,2.8
15:30,VVAR3.SA,0.49,97.76,0.79,13.52,0.103,0.92,0.076,3.36
15:40,VVAR3.SA,0.1,98.28,0.84,13.24,0.147,0.82,-0.074,3.45
15:50,VVAR3.SA,0.4,98.66,0.7,13.43,0.139,0.91,0.011,2.56
16:00,VVAR3.SA,0.15,98.81,1.19,13.32,0.185,0.98,0.092,3.37
16:10,VVAR3.SA,0.18,99.07,1.17,13.62,0.192,0.81,0.097,3.19
16:20,VVAR3.SA,0.28,98.74,1.23,13.37,0.149,1.17,0.002,3.14
16:30,VVAR3.SA,0.32,99.21,0.62,13.66,0.18,1.0,0.054,2.97
16:40,VVAR3.SA,0.32,98.7,1.37,13.31,0.114,0.88,0.008,2.62
16:50,VVAR3.SA,0.37,99.0,0.77,13.22,0.2,1.15,-0.031,2.98
17:00,VVAR3.SA,0.12,97.49,1.15,13.28,0.166,1.11,-0.007,3.37
17:10,VVAR3.SA,0.43,97.39,0.76,13.62,0.166,0.81,0.082,2.77
17:20,VVAR3.SA,0.2,97.61,1.15,13.4,0.158,1.17,0.095,2.92
17:30,VVAR3.SA,0.37,97.96,0.7,13.25,0.068,1.0,0.098,2.51
17:40,VVAR3.SA,0.2,98.01,1.02,13.49,0.099,0.86,-0.03,3.14
17:50,VVAR3.SA,0.1,98.7,0.94,13.4,0.082,0.87,0.092,2.5
18:00,VVAR3.SA,0.32,97.27,1.43,13.28,0.187,0.91,0.076,2.91
09:00,BRKM5.SA,0.44,98.25,0.85,27.78,0.399,1.16,0.027,3.29
09:10,BRKM5.SA,0.49,99.41,1.19,28.18,0.268,0.88,0.036,3.41
09:20,BRKM5.SA,0.42,98.72,0.81,28.16,0.371,1.02,0.018,2.62
09:30,BRKM5.SA,0.17,98.29,0.59,27.49,0.162,1.13,0.013,3.4
09:40,BRKM5.SA,0.4,99.33,0.65,27.65,0.148,1.11,0.01,3.13
09:50,BRKM5.SA,0.14,97.77,0.89,27.72,0.173,0.93,-0.093,3.46
10:00,BRKM5.SA,0.33,98.57,1.19,27.93,0.272,0.84,0.068,2.55
10:10,BRKM5.SA,0.15,97.07,0.84,28.2,0.405,0.92,-0.082,3.21
10:20,BRKM5.SA,0.29,98.8,1.12,27.45,0.171,1.05,-0.058,3.16
10:30,BRKM5.SA,0.3,98.16,0.59,27.61,0.333,1.13,0.055,3.49
10:40,BRKM5.SA,0.26,98.46,0.64,27.77,0.374,0.99,-0.002,2.56
10:50,BRKM5.SA,0.43,98.3,1.34,27.86,0.202,0.91,0.005,2.79
11:00,BRKM5.SA,0.45,98.68,1.28,28.33,0.248,0.94,0.082,2.95
11:10,BRKM5.SA,0.26,97.98,0.92,27.41,0.145,1.13,0.013,3.02
11:20,BRKM5.SA,0.48,98.71,0.71,28.01,0.212,0.88,-0.031,3.19
11:30,BRKM5.SA,0.36,99.14,1.48,27.68,0.402,0.88,0.067,2.66
11:40,BRKM5.SA,0.26,99.45,1.02,27.96,0.276,1.0,-0.057,3.34
11:50,BRKM5.SA,0.23,97.31,0.84,27.57,0.286,1.2,0.047,2.64
12:00,BRKM5.SA,0.16,97.85,0.88,27.86,0.144,0.9,0.07,3.42
12:10,BRKM5.SA,0.13,99.22,0.73,27.53,0.3,0.97,0.074,3.13
12:20,BRKM5.SA,0.4,97.96,0.9,28.28,0.408,0.81,-0.036,3.18
12:30,BRKM5.SA,0.27,98.69,0.8,28.18,0.283,0.88,-0.065,3.26
12:40,BRKM5.SA,0.47,98.75,1.33,28.23,0.415,1.04,0.093,3.45
12:50,BRKM5.SA,0.37,97.28,1.44,28.06,0.276,0.96,0.1,3.47
13:00,BRKM5.SA,0.35,97.58,0.59,27.92,0.406,0.81,0.015,3.38
13:10,BRKM5.SA,0.2,99.33,1.34,27.53,0.263,1.02,-0.075,2.71
13:20,BRKM5.SA,0.13,97.31,0.7,28.3,0.195,0.97,-0.02,3.22
13:30,BRKM5.SA,0.47,98.74,1.05,27.41,0.318,1.12,-0.011,2.6
13:40,BRKM5.SA,0.41,99.04,0.56,27.84,0.298,0.94,-0.074,3.44
13:50,BRKM5.SA,0.17,98.38,0.75,28.31,0.351,0.93,-0.063,2.99
14:00,BRKM5.SA,0.37,98.52,1.13,27.71,0.372,0.98,0.049,2.62
14:10,BRKM5.SA,0.14,97.12,0.93,27.8,0.3,1.02,-0.056,2.84
14:20,BRKM5.SA,0.18,99.41,0.56,27.9,0.401,0.97,-0.026,3.49
14:30,BRKM5.SA,0.29,97.76,1.4,27.51,0.224,1.11,-0.048,3.46
14:40,BRKM5.SA,0.24,97.8,1.34,27.65,0.385,0.92,0.01,3.28
14:50,BRKM5.SA,0.25,98.97,0.56,28.04,0.311,0.81,-0.047,3.15
15:00,BRKM5.SA,0.3,98.35,1.1,28.41,0.414,1.1,-0.02,3.11
15:10,BRKM5.SA,0.17,98.81,0.66,28.34,0.232,0.81,0.039,2.59
15:20,BRKM5.SA,0.24,98.34,0.93,27.39,0.179,0.86,0.021,2.81
15:30,BRKM5.SA,0.28,97.09,0.54,28.45,0.28,0.83,0.095,3.3
15:40,BRKM5.SA,0.48,97.45,0.79,27.91,0.405,0.97,-0.019,3.12
15:50,BRKM5.SA,0.15,97.71,1.14,28.43,0.303,1.06,0.064,3.41
16:00,BRKM5.SA,0.4,98.26,0.9,28.35,0.34,1.04,0.032,2.84
16:10,BRKM5.SA,0.19,97.24,1.42,27.49,0.244,1.08,-0.096,2.97
16:20,BRKM5.SA,0.22,98.73,1.29,27.65,0.254,1.17,0.019,2.94
16:30,BRKM5.SA,0.42,98.93,1.44,28.04,0.263,0.96,0.079,3.34
16:40,BRKM5.SA,0.4,97.14,1.04,27.97,0.328,0.84,0.023,2.92
16:50,BRKM5.SA,0.19,97.22,1.05,27.94,0.245,0.89,-0.053,2.57
17:00,BRKM5.SA,0.15,98.33,0.76,28.16,0.292,1.09,0.026,2.61
17:10,BRKM5.SA,0.46,97.47,0.64,28.23,0.226,0.94,0.003,3.5
17:20,BRKM5.SA,0.34,97.08,1.46,28.37,0.392,1.17,0.038,3.25
17:30,BRKM5.SA,0.17,99.03,0.91,27.99,0.144,1.09,-0.038,3.24
17:40,BRKM5.SA,0.29,98.33,0.76,28.15,0.272,0.85,-0.043,3.15
17:50,BRKM5.SA,0.28,97.85,0.84,27.88,0.396,1.2,0.01,3.4
18:00,BRKM5.SA,0.49,98.47,0.7,27.54,0.176,1.04,-0.093,3.11
09:00,BBSE3.SA,0.25,97.78,0.63,27.85,0.244,0.97,-0.038,3.09
09:10,BBSE3.SA,0.24,99.24,0.59,28.7,0.195,0.96,-0.056,3.49
09:20,BBSE3.SA,0.22,97.19,0.9,28.24,0.216,0.98,0.06,2.63
09:30,BBSE3.SA,0.39,97.4,1.4,28.92,0.321,0.82,-0.032,3.23
09:40,BBSE3.SA,0.29,98.49,0.51,28.17,0.262,1.02,-0.038,2.61
09:50,BBSE3.SA,0.36,99.4,0.84,28.57,0.418,0.84,0.0,2.86
10:00,BBSE3.SA,0.48,98.02,1.28,28.22,0.276,0.89,-0.043,2.6
10:10,BBSE3.SA,0.34,97.63,1.27,28.27,0.193,1.13,0.046,2.95
10:20,BBSE3.SA,0.41,97.17,0.63,28.13,0.311,0.84,0.072,2.78
10:30,BBSE3.SA,0.14,99.02,0.61,28.25,0.417,0.94,-0.087,3.21
10:40,BBSE3.SA,0.49,99.03,1.23,28.65,0.34,1.14,-0.012,2.5
10:50,BBSE3.SA,0.3,98.2,1.06,28.3,0.285,1.12,-0.059,2.52
11:00,BBSE3.SA,0.22,97.69,0.68,28.23,0.366,1.13,0.051,2.87
11:10,BBSE3.SA,0.17,97.98,1.14,27.87,0.322,0.97,0.042,3.02
11:20,BBSE3.SA,0.22,98.78,0.77,28.48,0.395,0.81,-0.093,3.19
11:30,BBSE3.SA,0.23,98.1,0.95,28.63,0.301,1.03,-0.016,3.33
11:40,BBSE3.SA,0.2,98.87,0.83,28.59,0.256,0.97,-0.022,2.78
11:50,BBSE3.SA,0.38,98.64,1.46,27.99,0.299,0.84,-0.025,2.77
12:00,BBSE3.SA,0.32,99.14,0.57,28.04,0.244,1.02,0.04,3.08
12:10,BBSE3.SA,0.25,98.89,1.19,27.93,0.413,0.97,-0.056,3.45
12:20,BBSE3.SA,0.37,97.37,0.72,28.68,0.282,0.86,-0.028,3.03
12:30,BBSE3.SA,0.38,98.93,1.18,28.79,0.265,1.15,-0.017,2.73
12:40,BBSE3.SA,0.29,97.16,1.29,28.58,0.257,0.8,0.055,3.07
12:50,BBSE3.SA,0.31,99.13,0.53,28.87,0.155,0.84,-0.009,3.09
13:00,BBSE3.SA,0.21,98.8,0.9,28.3,0.396,1.05,0.02,2.97
13:10,BBSE3.SA,0.23,97.76,1.05,28.06,0.394,1.09,0.081,3.04
13:20,BBSE3.SA,0.23,99.31,0.86,27.93,0.329,1.16,-0.0,2.85
13:30,BBSE3.SA,0.43,97.84,1.07,28.41,0.239,1.02,0.018,3.41
13:40,BBSE3.SA,0.4,97.08,1.14,28.76,0.331,1.17,0.011,3.0
13:50,BBSE3.SA,0.35,99.28,0.91,28.9,0.191,0.92,0.048,3.0
14:00,BBSE3.SA,0.31,98.07,1.04,28.74,0.166,0.93,-0.052,3.38
14:10,BBSE3.SA,0.48,98.76,1.0,27.95,0.185,0.92,0.085,2.55
14:20,BBSE3.SA,0.44,99.01,1.08,28.88,0.394,1.02,0.069,2.73
14:30,BBSE3.SA,0.43,98.68,1.42,28.66,0.302,1.01,0.086,3.04
14:40,BBSE3.SA,0.25,97.91,1.18,28.75,0.267,0.91,-0.022,3.29
14:50,BBSE3.SA,0.45,97.59,0.72,28.06,0.228,1.18,-0.059,2.73
15:00,BBSE3.SA,0.32,99.31,1.4,28.58,0.185,1.13,-0.029,3.33
15:10,BBSE3.SA,0.47,97.82,0.55,28.74,0.202,0.9,0.01,3.32
15:20,BBSE3.SA,0.45,97.86,0.67,28.31,0.246,0.94,0.045,3.09
15:30,BBSE3.SA,0.41,98.45,1.38,28.37,0.413,1.08,-0.056,2.53
15:40,BBSE3.SA,0.13,97.64,0.77,27.86,0.214,0.89,-0.069,3.16
15:50,BBSE3.SA,0.34,97.98,0.75,28.4,0.244,0.94,-0.065,3.45
16:00,BBSE3.SA,0.3,97.04,1.23,28.3,0.396,1.01,-0.083,2.72
16:10,BBSE3.SA,0.17,97.7,0.54,27.96,0.406,0.88,0.029,2.93
16:20,BBSE3.SA,0.24,97.62,1.44,28.32,0.169,0.93,-0.083,3.33
16:30,BBSE3.SA,0.41,97.68,1.12,28.61,0.247,0.88,-0.042,3.02
16:40,BBSE3.SA,0.48,97.08,1.2,28.07,0.4,1.13,-0.075,2.97
16:50,BBSE3.SA,0.33,98.53,1.17,28.19,0.196,1.08,-0.058,2.72
17:00,BBSE3.SA,0.11,99.2,0.8,28.12,0.218,0.84,-0.093,3.21
17:10,BBSE3.SA,0.35,97.5,0.94,28.78,0.348,1.19,-0.035,3.5
17:20,BBSE3.SA,0.3,98.81,1.04,28.26,0.22,0.91,0.034,3.36
17:30,BBSE3.SA,0.25,97.69,0.79,28.47,0.332,0.81,0.058,3.22
17:40,BBSE3.SA,0.11,97.39,0.59,28.06,0.356,0.97,0.092,3.29
17:50,BBSE3.SA,0.3,99.48,1.2,28.9,0.408,1.01,0.007,3.18
18:00,BBSE3.SA,0.43,97.02,0.86,28.21,0.377,0.95,0.078,3.31
09:00,COGN3.SA,0.46,99.17,0.53,4.5,0.029,1.03,-0.034,2.64
09:10,COGN3.SA,0.44,99.21,0.72,4.52,0.033,0.83,0.025,3.09
09:20,COGN3.SA,0.23,97.26,1.48,4.54,0.039,0.86,0.034,2.92
09:30,COGN3.SA,0.43,97.72,0.79,4.52,0.059,1.06,-0.046,3.44
09:40,COGN3.SA,0.28,98.86,0.56,4.58,0.047,1.19,0.082,2.5
09:50,COGN3.SA,0.23,97.97,1.29,4.55,0.026,1.09,0.069,2.88
10:00,COGN3.SA,0.49,97.15,0.73,4.56,0.034,1.2,-0.073,3.44
10:10,COGN3.SA,0.31,97.11,1.34,4.58,0.027,1.02,-0.051,2.81
10:20,COGN3.SA,0.34,98.57,0.79,4.56,0.038,0.9,-0.064,3.38
10:30,COGN3.SA,0.17,97.28,0.76,4.45,0.047,1.13,0.014,3.14
10:40,COGN3.SA,0.13,97.85,1.23,4.5,0.048,1.02,0.066,2.52
10:50,COGN3.SA,0.32,98.27,0.59,4.46,0.061,1.09,-0.1,2.81
11:00,COGN3.SA,0.21,97.87,0.9,4.57,0.027,1.03,0.028,2.98
11:10,COGN3.SA,0.33,97.54,0.79,4.54,0.046,0.94,0.066,3.47
11:20,COGN3.SA,0.37,98.9,1.03,4.58,0.053,0.91,-0.002,3.36
11:30,COGN3.SA,0.38,97.85,0.78,4.45,0.059,0.96,-0.078,3.27
11:40,COGN3.SA,0.4,98.81,1.45,4.5,0.034,1.08,-0.086,3.34
11:50,COGN3.SA,0.22,97.19,0.6,4.5,0.035,0.94,-0.036,3.32
12:00,COGN3.SA,0.1,99.03,1.19,4.53,0.03,1.14,0.01,3.41
12:10,COGN3.SA,0.33,99.18,0.66,4.44,0.043,0.88,-0.001,2.86
12:20,COGN3.SA,0.36,98.33,0.6,4.55,0.031,1.04,0.074,2.78
12:30,COGN3.SA,0.13,97.32,0.72,4.42,0.043,1.09,-0.017,3.29
12:40,COGN3.SA,0.29,99.26,1.23,4.56,0.033,0.92,0.053,3.01
12:50,COGN3.SA,0.35,98.28,0.52,4.55,0.052,1.05,-0.094,3.09
13:00,COGN3.SA,0.21,98.56,0.52,4.57,0.04,1.0,-0.082,2.9
13:10,COGN3.SA,0.38,97.1,1.09,4.45,0.038,1.17,-0.022,2.81
13:20,COGN3.SA,0.41,99.18,0.7,4.49,0.039,0.99,-0.074,3.42
13:30,COGN3.SA,0.46,99.24,1.11,4.41,0.062,1.11,0.078,2.79
13:40,COGN3.SA,0.32,99.46,1.2,4.52,0.046,1.0,0.07,2.96
13:50,COGN3.SA,0.33,98.52,1.18,4.52,0.051,1.19,0.067,2.71
14:00,COGN3.SA,0.21,98.67,1.38,4.49,0.067,0.86,-0.085,2.56
14:10,COGN3.SA,0.47,97.82,0.57,4.55,0.048,0.82,0.044,2.68
14:20,COGN3.SA,0.49,97.72,1.16,4.43,0.052,0.98,-0.013,2.95
14:30,COGN3.SA,0.35,98.92,0.69,4.59,0.04,1.11,-0.041,3.2
14:40,COGN3.SA,0.4,97.8,0.9,4.43,0.026,0.82,-0.097,3.46
14:50,COGN3.SA,0.48,97.99,0.63,4.42,0.038,1.19,-0.074,2.84
15:00,COGN3.SA,0.23,98.79,1.17,4.58,0.055,0.8,-0.065,3.08
15:10,COGN3.SA,0.44,97.27,1.38,4.45,0.039,0.8,-0.04,3.33
15:20,COGN3.SA,0.42,97.53,0.56,4.55,0.055,0.81,0.045,2.54
15:30,COGN3.SA,0.2,98.59,0.97,4.57,0.027,1.01,0.076,3.37
15:40,COGN3.SA,0.25,97.57,1.25,4.49,0.065,1.01,0.08,2.66
15:50,COGN3.SA,0.11,97.52,1.37,4.57,0.052,1.03,-0.072,2.57
16:00,COGN3.SA,0.1,99.38,1.24,4.52,0.028,1.09,-0.021,3.32
16:10,COGN3.SA,0.34,98.87,0.83,4.48,0.042,0.97,0.096,2.67
16:20,COGN3.SA,0.45,97.92,1.3,4.49,0.045,1.08,0.089,3.03
16:30,COGN3.SA,0.15,97.57,0.8,4.48,0.037,1.18,-0.065,2.85
16:40,COGN3.SA,0.43,97.25,0.94,4.42,0.05,1.15,-0.028,3.03
16:50,COGN3.SA,0.32,97.94,0.9,4.43,0.032,1.07,-0.02,2.71
17:00,COGN3.SA,0.33,99.44,0.72,4.57,0.047,0.88,0.051,2.62
17:10,COGN3.SA,0.11,98.76,0.92,4.5,0.057,0.84,-0.023,2.56
17:20,COGN3.SA,0.35,99.18,0.87,4.56,0.06,1.06,-0.042,2.8
17:30,COGN3.SA,0.48,97.62,0.83,4.52,0.052,0.99,-0.019,3.02
17:40,COGN3.SA,0.37,97.52,1.34,4.54,0.027,0.85,-0.086,3.12
17:50,COGN3.SA,0.15,98.04,0.75,4.58,0.056,0.97,-0.073,3.27
18:00,COGN3.SA,0.12,97.84,0.96,4.59,0.064,1.05,-0.091,2.87
09:00,CVCB3.SA,0.36,97.53,1.4,13.21,0.103,1.13,-0.044,2.85
09:10,CVCB3.SA,0.28,98.19,0.94,13.27,0.118,1.1,-0.098,2.86
09:20,CVCB3.SA,0.46,98.41,1.08,13.12,0.157,0.9,-0.046,3.0
09:30,CVCB3.SA,0.32,98.16,0.86,13.3,0.164,0.8,-0.079,3.17
09:40,CVCB3.SA,0.36,97.55,1.37,13.04,0.066,0.86,0.091,2.79
09:50,CVCB3.SA,0.14,97.2,0.9,13.34,0.185,1.1,0.014,2.94
10:00,CVCB3.SA,0.31,98.41,1.3,13.03,0.159,0.89,-0.035,2.93
10:10,CVCB3.SA,0.15,97.19,1.27,13.11,0.078,1.1,-0.044,3.44
10:20,CVCB3.SA,0.34,97.28,1.19,13.23,0.152,0.85,-0.051,2.5
10:30,CVCB3.SA,0.37,97.23,1.32,13.01,0.138,1.09,0.098,3.5
10:40,CVCB3.SA,0.11,98.1,0.64,12.86,0.079,0.97,0.072,3.13
10:50,CVCB3.SA,0.12,98.62,1.26,12.98,0.067,1.12,0.028,3.06
11:00,CVCB3.SA,0.34,97.38,0.81,12.87,0.105,1.09,0.014,2.92
11:10,CVCB3.SA,0.11,98.13,1.48,13.34,0.127,0.94,-0.072,3.46
11:20,CVCB3.SA,0.22,98.49,0.94,13.02,0.136,0.93,0.018,3.12
11:30,CVCB3.SA,0.16,98.45,1.44,12.84,0.094,1.19,-0.039,2.57
11:40,CVCB3.SA,0.23,98.2,1.33,13.11,0.076,0.93,-0.089,3.15
11:50,CVCB3.SA,0.14,98.46,1.05,13.34,0.087,1.19,0.039,2.79
12:00,CVCB3.SA,0.37,98.32,0.6,12.9,0.082,1.02,-0.082,2.96
12:10,CVCB3.SA,0.47,97.04,0.99,13.33,0.143,0.89,-0.034,3.07
12:20,CVCB3.SA,0.39,97.06,1.13,13.13,0.17,1.19,-0.018,2.64
12:30,CVCB3.SA,0.22,98.99,0.61,13.31,0.091,0.91,0.039,3.23
12:40,CVCB3.SA,0.44,97.82,1.15,13.01,0.099,1.18,0.017,3.3
12:50,CVCB3.SA,0.15,97.09,1.44,13.24,0.096,0.99,-0.059,2.68
13:00,CVCB3.SA,0.3,98.77,1.22,13.25,0.078,0.89,0.07,2.84
13:10,CVCB3.SA,0.11,98.53,1.48,12.94,0.069,0.85,-0.045,2.76
13:20,CVCB3.SA,0.3,99.36,0.51,12.95,0.083,0.97,0.097,3.08
13:30,CVCB3.SA,0.24,97.57,0.93,13.1,0.189,0.9,0.054,3.48
13:40,CVCB3.SA,0.12,97.13,0.62,13.12,0.118,1.08,0.017,2.81
13:50,CVCB3.SA,0.38,98.34,0.51,13.33,0.15,1.04,-0.07,2.75
14:00,CVCB3.SA,0.39,98.34,0.72,13.28,0.127,1.06,0.082,3.24
14:10,CVCB3.SA,0.19,98.79,1.34,13.27,0.193,0.97,0.074,2.92
14:20,CVCB3.SA,0.31,98.35,1.11,13.27,0.107,0.87,-0.051,2.73
14:30,CVCB3.SA,0.25,98.47,0.59,12.98,0.106,0.83,0.035,2.8
14:40,CVCB3.SA,0.21,99.29,0.7,13.21,0.135,1.17,-0.045,3.41
14:50,CVCB3.SA,0.19,98.27,0.89,12.91,0.083,1.04,-0.006,3.06
15:00,CVCB3.SA,0.14,99.31,1.43,13.14,0.104,0.87,0.025,3.5
15:10,CVCB3.SA,0.16,99.21,0.96,12.88,0.132,0.8,0.042,2.51
15:20,CVCB3.SA,0.28,98.66,1.47,13.07,0.195,0.82,0.081,3.4
15:30,CVCB3.SA,0.19,99.38,1.39,13.12,0.183,1.03,0.073,2.68
15:40,CVCB3.SA,0.44,98.64,0.51,12.9,0.148,0.99,0.035,2.53
15:50,CVCB3.SA,0.32,99.16,0.82,13.15,0.17,1.17,-0.057,3.19
16:00,CVCB3.SA,0.35,97.89,1.44,13.28,0.067,0.88,-0.021,3.11
16:10,CVCB3.SA,0.26,97.89,0.5,13.2,0.13,1.14,0.079,3.4
16:20,CVCB3.SA,0.26,98.4,1.1,13.35,0.079,0.91,-0.032,3.24
16:30,CVCB3.SA,0.28,98.99,1.14,13.09,0.078,0.97,0.041,2.64
16:40,CVCB3.SA,0.36,98.06,1.36,13.36,0.07,1.08,0.037,2.86
16:50,CVCB3.SA,0.48,98.57,1.19,12.97,0.069,1.01,-0.04,3.08
17:00,CVCB3.SA,0.15,98.71,0.52,13.14,0.184,1.03,0.084,2.97
17:10,CVCB3.SA,0.33,98.99,1.18,13.35,0.126,0.82,0.038,3.49
17:20,CVCB3.SA,0.12,99.17,1.28,12.87,0.153,0.88,-0.066,3.24
17:30,CVCB3.SA,0.3,97.93,1.4,13.23,0.172,1.19,-0.018,3.22
17:40,CVCB3.SA,0.17,97.67,1.37,12.86,0.134,0.81,-0.041,2.75
17:50,CVCB3.SA,0.41,97.1,0.62,13.26,0.157,1.16,0.035,2.55
18:00,CVCB3.SA,0.4,98.74,0.8,12.93,0.132,1.2,-0.058,3.18
09:00,POSI3.SA,0.17,97.84,1.44,14.7,0.111,0.91,0.045,2.64
09:10,POSI3.SA,0.22,97.07,1.08,15.08,0.175,0.89,-0.088,2.6
09:20,POSI3.SA,0.33,97.36,0.62,15.09,0.155,1.13,0.061,3.19
09:30,POSI3.SA,0.29,97.82,1.17,14.91,0.171,0.92,0.0,3.03
09:40,POSI3.SA,0.29,97.4,0.84,14.87,0.145,1.01,0.057,3.16
09:50,POSI3.SA,0.5,98.8,1.1,15.02,0.085,1.08,0.026,2.83
10:00,POSI3.SA,0.17,98.71,1.16,14.9,0.216,1.19,0.095,3.45
10:10,POSI3.SA,0.47,98.64,1.12,15.18,0.146,1.15,-0.029,2.65
10:20,POSI3.SA,0.11,98.89,1.24,15.11,0.089,0.8,0.044,2.58
10:30,POSI3.SA,0.46,97.68,0.75,14.74,0.102,0.96,0.066,3.06
10:40,POSI3.SA,0.37,97.71,0.81,15.17,0.214,0.95,-0.019,2.82
10:50,POSI3.SA,0.35,97.7,0.59,15.08,0.114,1.18,0.056,3.09
11:00,POSI3.SA,0.2,98.47,1.37,14.66,0.15,0.99,-0.066,3.46
11:10,POSI3.SA,0.45,97.71,0.84,15.08,0.139,1.17,-0.008,3.22
11:20,POSI3.SA,0.11,97.35,1.34,15.06,0.217,1.15,-0.027,3.14
11:30,POSI3.SA,0.17,97.65,0.97,14.64,0.116,0.81,0.096,3.23
11:40,POSI3.SA,0.38,98.03,0.98,15.02,0.139,1.2,0.085,2.86
11:50,POSI3.SA,0.25,97.42,1.11,15.04,0.208,0.84,-0.037,2.87
12:00,POSI3.SA,0.38,97.14,1.02,15.11,0.147,0.9,-0.019,3.46
12:10,POSI3.SA,0.33,97.48,1.37,14.76,0.175,1.07,-0.011,3.1
12:20,POSI3.SA,0.31,98.44,0.75,15.05,0.097,0.87,0.094,3.42
12:30,POSI3.SA,0.4,99.17,1.23,14.6,0.156,1.14,-0.095,2.72
12:40,POSI3.SA,0.17,97.5,0.94,14.81,0.14,0.82,-0.004,2.72
12:50,POSI3.SA,0.36,98.2,1.12,14.9,0.082,1.1,-0.024,3.17
13:00,POSI3.SA,0.38,97.81,0.71,14.89,0.204,0.89,0.08,2.57
13:10,POSI3.SA,0.39,97.71,0.79,14.62,0.168,1.17,-0.044,3.34
13:20,POSI3.SA,0.31,99.35,1.22,14.76,0.215,1.04,-0.081,3.18
13:30,POSI3.SA,0.16,98.48,1.24,14.83,0.127,1.17,0.05,2.61
13:40,POSI3.SA,0.45,97.26,1.46,14.96,0.128,0.8,0.04,2.55
13:50,POSI3.SA,0.24,98.12,0.88,15.1,0.194,1.04,0.037,2.55
14:00,POSI3.SA,0.12,99.31,1.43,15.1,0.176,1.0,0.095,2.89
14:10,POSI3.SA,0.33,97.45,1.01,14.69,0.161,1.19,0.026,3.41
14:20,POSI3.SA,0.25,98.55,1.25,14.88,0.162,1.18,-0.058,2.69
14:30,POSI3.SA,0.22,98.36,0.86,14.97,0.181,0.94,0.092,3.48
14:40,POSI3.SA,0.13,98.57,0.55,14.84,0.189,1.09,-0.061,3.32
14:50,POSI3.SA,0.16,98.07,0.97,14.98,0.171,1.03,-0.096,3.16
15:00,POSI3.SA,0.21,99.07,0.53,15.0,0.101,0.9,0.044,3.12
15:10,POSI3.SA,0.39,98.02,1.48,14.85,0.084,0.99,0.012,3.36
15:20,POSI3.SA,0.19,99.24,0.87,15.12,0.212,0.9,0.094,3.31
15:30,POSI3.SA,0.19,99.42,1.24,15.17,0.126,1.18,-0.005,3.2
15:40,POSI3.SA,0.14,97.79,0.8,14.72,0.124,1.01,-0.016,3.17
15:50,POSI3.SA,0.2,97.71,0.66,15.15,0.22,0.96,0.007,2.92
16:00,POSI3.SA,0.26,97.73,1.32,14.8,0.075,1.03,-0.098,2.86
16:10,POSI3.SA,0.27,97.37,0.63,14.88,0.194,0.89,0.07,2.97
16:20,POSI3.SA,0.27,97.2,0.74,14.66,0.114,1.15,0.046,2.63
16:30,POSI3.SA,0.22,98.54,0.94,14.99,0.2,0.98,-0.032,2.5
16:40,POSI3.SA,0.25,99.46,0.96,15.03,0.119,1.09,-0.051,3.42
16:50,POSI3.SA,0.44,97.39,1.31,15.14,0.172,1.01,-0.069,2.99
17:00,POSI3.SA,0.3,97.33,0.57,14.73,0.176,0.93,0.046,3.43
17:10,POSI3.SA,0.4,97.4,0.95,15.15,0.198,0.85,0.057,2.91
17:20,POSI3.SA,0.22,97.33,0.67,14.94,0.084,1.07,-0.024,2.52
17:30,POSI3.SA,0.38,98.82,0.86,14.61,0.085,0.83,0.03,2.81
17:40,POSI3.SA,0.18,99.49,1.23,14.87,0.21,0.95,-0.093,3.42
17:50,POSI3.SA,0.13,97.09,1.09,14.83,0.215,0.88,0.047,3.06
18:00,POSI3.SA,0.39,97.75,0.64,14.82,0.2,0.95,-0.007,2.71
09:00,RAIL3.SA,0.29,97.02,0.78,8.4,0.054,0.97,0.066,2.65
09:10,RAIL3.SA,0.25,98.45,1.01,8.43,0.047,1.02,-0.072,3.3
09:20,RAIL3.SA,0.2,98.06,0.71,8.42,0.077,1.1,-0.047,2.99
09:30,RAIL3.SA,0.37,98.64,0.75,8.3,0.062,0.93,-0.056,3.13
09:40,RAIL3.SA,0.24,98.25,0.63,8.22,0.059,0.89,-0.064,2.82
09:50,RAIL3.SA,0.25,99.08,1.0,8.15,0.059,1.06,0.068,3.43
10:00,RAIL3.SA,0.37,99.14,0.55,8.4,0.114,1.13,0.074,3.29
10:10,RAIL3.SA,0.27,98.07,1.18,8.35,0.093,1.01,-0.097,2.85
10:20,RAIL3.SA,0.26,97.17,1.2,8.24,0.046,0.92,0.067,2.91
10:30,RAIL3.SA,0.22,98.43,1.04,8.24,0.123,0.92,-0.016,2.83
10:40,RAIL3.SA,0.16,97.67,1.3,8.2,0.052,0.87,0.04,2.86
10:50,RAIL3.SA,0.47,98.22,0.63,8.32,0.087,1.09,-0.073,3.39
11:00,RAIL3.SA,0.42,98.89,1.0,8.25,0.069,1.17,0.059,2.6
11:10,RAIL3.SA,0.2,98.03,0.69,8.26,0.109,1.07,-0.069,3.49
11:20,RAIL3.SA,0.21,99.41,1.42,8.24,0.114,1.19,-0.056,2.92
11:30,RAIL3.SA,0.48,99.44,1.46,8.43,0.056,0.95,0.007,3.35
11:40,RAIL3.SA,0.19,97.64,1.45,8.18,0.061,0.81,-0.026,2.64
11:50,RAIL3.SA,0.15,98.89,1.2,8.31,0.096,1.13,-0.047,2.64
12:00,RAIL3.SA,0.14,97.43,0.62,8.44,0.124,0.88,-0.035,2.86
12:10,RAIL3.SA,0.36,98.83,1.14,8.28,0.112,0.91,-0.068,2.65
12:20,RAIL3.SA,0.34,99.34,1.04,8.41,0.104,1.01,-0.003,3.3
12:30,RAIL3.SA,0.22,98.78,0.75,8.21,0.052,1.11,0.06,3.43
12:40,RAIL3.SA,0.25,99.34,0.64,8.21,0.056,0.9,0.054,2.68
12:50,RAIL3.SA,0.23,97.61,0.99,8.17,0.099,1.18,-0.074,3.0
13:00,RAIL3.SA,0.38,97.11,1.2,8.14,0.053,0.85,0.009,3.12
13:10,RAIL3.SA,0.15,98.94,0.94,8.16,0.054,0.99,-0.009,3.46
13:20,RAIL3.SA,0.14,98.9,0.77,8.32,0.091,0.88,0.055,3.41
13:30,RAIL3.SA,0.35,97.73,0.78,8.41,0.079,1.15,0.056,2.56
13:40,RAIL3.SA,0.43,98.3,0.93,8.4,0.12,0.92,-0.021,2.97
13:50,RAIL3.SA,0.14,98.29,1.48,8.24,0.084,1.16,-0.002,2.83
14:00,RAIL3.SA,0.47,97.24,0.95,8.47,0.106,0.96,0.058,3.13
14:10,RAIL3.SA,0.44,98.15,0.63,8.17,0.112,0.9,-0.073,3.1
14:20,RAIL3.SA,0.22,97.44,1.21,8.2,0.101,0.81,0.01,2.58
14:30,RAIL3.SA,0.27,97.69,1.18,8.26,0.082,0.88,0.043,2.51
14:40,RAIL3.SA,0.24,97.66,0.97,8.2,0.098,0.83,0.098,2.5
14:50,RAIL3.SA,0.19,98.96,1.35,8.33,0.073,0.96,0.043,2.8
15:00,RAIL3.SA,0.24,98.95,0.92,8.23,0.085,0.87,-0.098,3.01
15:10,RAIL3.SA,0.38,97.92,0.69,8.43,0.085,1.12,-0.094,2.52
15:20,RAIL3.SA,0.16,98.56,1.09,8.29,0.085,0.83,0.091,2.7
15:30,RAIL3.SA,0.15,97.61,0.76,8.42,0.059,1.13,0.045,3.16
15:40,RAIL3.SA,0.29,98.42,1.18,8.22,0.102,1.19,0.05,2.52
15:50,RAIL3.SA,0.18,98.26,1.25,8.25,0.086,1.01,0.031,3.06
16:00,RAIL3.SA,0.12,98.6,1.26,8.18,0.053,0.85,-0.011,3.28
16:10,RAIL3.SA,0.45,98.3,0.76,8.37,0.059,1.08,-0.065,2.76
16:20,RAIL3.SA,0.21,98.26,1.28,8.15,0.056,0.94,-0.031,2.84
16:30,RAIL3.SA,0.5,97.61,1.37,8.39,0.064,1.13,0.016,3.35
16:40,RAIL3.SA,0.2,99.47,0.99,8.19,0.088,0.97,-0.03,3.15
16:50,RAIL3.SA,0.1,98.24,0.74,8.14,0.074,1.1,0.069,2.98
17:00,RAIL3.SA,0.23,97.83,0.65,8.34,0.073,1.11,0.03,2.61
17:10,RAIL3.SA,0.35,98.05,1.38,8.41,0.081,0.93,0.089,3.11
17:20,RAIL3.SA,0.14,99.31,0.63,8.41,0.114,1.06,0.099,2.93
17:30,RAIL3.SA,0.3,98.85,0.74,8.33,0.101,0.87,0.006,3.46
17:40,RAIL3.SA,0.18,97.43,1.1,8.31,0.104,1.12,-0.09,2.68
17:50,RAIL3.SA,0.11,98.51,0.58,8.15,0.119,0.98,0.006,3.1
18:00,RAIL3.SA,0.47,98.75,0.89,8.36,0.043,1.05,0.092,2.59
09:00,WTI_USD,0.12,98.33,1.06,70.38,1.041,1.01,-0.073,3.13
09:10,WTI_USD,0.31,97.08,0.84,70.75,0.692,1.18,-0.09,2.61
09:20,WTI_USD,0.25,98.55,0.77,72.46,0.74,1.1,0.003,2.83
09:30,WTI_USD,0.27,99.09,1.05,70.57,0.825,0.89,-0.1,3.36
09:40,WTI_USD,0.41,97.44,1.38,71.18,0.448,0.85,-0.005,2.52
09:50,WTI_USD,0.19,97.92,1.46,69.84,0.858,0.94,-0.009,2.77
10:00,WTI_USD,0.45,98.64,1.28,71.52,0.923,0.92,0.063,3.24
10:10,WTI_USD,0.5,98.65,1.12,70.98,1.041,1.08,0.093,3.19
10:20,WTI_USD,0.38,99.19,1.32,71.42,0.599,0.92,-0.023,3.47
10:30,WTI_USD,0.26,98.72,1.07,71.62,0.428,1.17,0.083,2.95
10:40,WTI_USD,0.15,98.26,1.5,70.61,0.406,0.88,0.091,2.94
10:50,WTI_USD,0.22,97.66,0.75,71.4,0.418,1.19,-0.061,3.22
11:00,WTI_USD,0.37,97.87,1.31,70.0,0.96,0.94,0.029,3.44
11:10,WTI_USD,0.23,98.62,1.18,70.51,0.637,1.18,0.046,2.68
11:20,WTI_USD,0.18,99.2,1.27,70.88,1.035,1.06,0.072,2.7
11:30,WTI_USD,0.18,97.49,1.33,70.91,0.446,1.09,0.011,3.38
11:40,WTI_USD,0.39,99.06,1.02,70.36,1.045,1.1,0.057,3.16
11:50,WTI_USD,0.38,98.53,1.19,71.82,0.965,1.0,-0.089,2.91
12:00,WTI_USD,0.29,98.17,1.23,71.41,0.473,0.99,-0.003,3.32
12:10,WTI_USD,0.38,99.35,1.38,71.4,0.49,0.9,0.07,2.98
12:20,WTI_USD,0.25,97.91,0.99,69.93,1.038,1.1,-0.04,3.39
12:30,WTI_USD,0.15,97.69,0.84,70.2,0.47,0.91,-0.089,3.13
12:40,WTI_USD,0.11,98.24,1.39,71.21,0.581,1.1,-0.003,2.51
12:50,WTI_USD,0.19,97.14,0.92,71.8,0.937,0.92,0.004,3.4
13:00,WTI_USD,0.36,97.45,1.15,72.13,0.887,0.94,0.023,2.69
13:10,WTI_USD,0.41,98.03,0.99,72.17,0.91,0.81,-0.047,2.6
13:20,WTI_USD,0.11,98.51,1.06,71.88,0.584,0.81,-0.012,2.96
13:30,WTI_USD,0.23,98.54,1.48,71.12,0.833,0.94,0.093,3.31
13:40,WTI_USD,0.26,99.29,1.27,70.22,0.646,1.06,-0.044,2.77
13:50,WTI_USD,0.23,97.81,0.69,70.84,0.645,0.99,-0.035,2.98
14:00,WTI_USD,0.44,97.8,1.21,70.87,0.895,0.9,0.028,2.57
14:10,WTI_USD,0.11,97.31,1.2,71.83,0.622,1.04,0.044,2.56
14:20,WTI_USD,0.2,97.4,1.08,70.21,0.839,1.08,-0.048,3.36
14:30,WTI_USD,0.26,98.6,1.47,72.07,0.443,1.14,0.067,2.68
14:40,WTI_USD,0.22,99.11,0.59,71.17,0.98,0.91,-0.012,2.88
14:50,WTI_USD,0.47,97.19,0.82,71.05,0.541,1.18,0.058,3.42
15:00,WTI_USD,0.35,98.1,0.88,72.24,0.398,0.93,-0.041,3.33
15:10,WTI_USD,0.29,97.84,0.51,70.99,0.883,1.08,0.019,2.81
15:20,WTI_USD,0.26,99.35,0.78,72.1,0.518,0.8,0.021,3.15
15:30,WTI_USD,0.29,97.53,1.41,70.26,0.611,0.92,-0.034,2.66
15:40,WTI_USD,0.41,99.09,0.94,70.96,0.715,0.93,0.084,2.86
15:50,WTI_USD,0.45,97.68,1.11,72.33,0.57,0.9,-0.008,2.92
16:00,WTI_USD,0.41,97.38,1.28,71.32,0.82,0.82,0.017,2.72
16:10,WTI_USD,0.41,97.77,1.03,71.91,0.905,1.15,-0.025,2.97
16:20,WTI_USD,0.37,97.24,1.32,72.62,0.477,0.8,0.005,3.1
16:30,WTI_USD,0.11,98.08,1.07,70.81,0.721,1.14,-0.058,3.01
16:40,WTI_USD,0.2,98.95,0.84,71.74,0.56,1.09,-0.057,2.88
16:50,WTI_USD,0.18,98.04,0.82,71.08,0.991,1.14,-0.073,3.04
17:00,WTI_USD,0.38,97.63,1.23,72.21,0.392,1.2,-0.019,2.99
17:10,WTI_USD,0.19,97.02,1.17,71.74,0.697,1.11,0.07,2.96
17:20,WTI_USD,0.48,97.73,0.96,72.28,0.896,1.1,-0.032,2.77
17:30,WTI_USD,0.46,97.09,1.49,71.37,0.482,0.94,0.05,2.59
17:40,WTI_USD,0.28,99.1,1.28,71.09,0.439,0.87,-0.012,3.1
17:50,WTI_USD,0.49,98.84,0.99,71.55,0.782,0.82,-0.031,2.93
18:00,WTI_USD,0.43,98.84,1.39,71.78,0.818,0.98,0.072,3.05
09:00,BRENT_USD,0.26,97.06,0.56,74.13,1.056,0.88,-0.053,3.0
09:10,BRENT_USD,0.41,98.24,0.98,72.19,1.066,1.03,0.074,3.41
09:20,BRENT_USD,0.45,98.34,1.37,74.77,0.725,0.9,-0.006,2.68
09:30,BRENT_USD,0.32,98.32,1.5,73.25,1.034,1.02,0.085,3.3
09:40,BRENT_USD,0.42,98.7,0.74,72.97,0.822,1.09,-0.073,3.21
09:50,BRENT_USD,0.13,98.84,1.05,73.69,1.051,0.95,0.063,2.59
10:00,BRENT_USD,0.26,98.6,1.17,71.93,0.476,1.17,-0.074,3.28
10:10,BRENT_USD,0.14,97.38,0.81,72.91,1.085,1.19,0.049,2.67
10:20,BRENT_USD,0.42,99.05,0.7,72.8,0.627,0.89,-0.016,3.18
10:30,BRENT_USD,0.37,98.39,1.3,74.74,1.017,1.06,-0.083,3.21
10:40,BRENT_USD,0.32,98.69,0.93,73.71,0.668,0.82,0.017,2.99
10:50,BRENT_USD,0.17,98.76,0.62,73.01,0.621,0.82,0.05,2.83
11:00,BRENT_USD,0.33,97.77,0.6,73.91,0.704,1.14,0.07,2.85
11:10,BRENT_USD,0.39,98.44,1.31,72.49,0.958,0.95,-0.066,3.39
11:20,BRENT_USD,0.43,97.42,0.97,72.63,1.037,1.09,0.056,3.4
11:30,BRENT_USD,0.12,98.78,0.76,73.5,0.854,1.1,-0.003,2.91
11:40,BRENT_USD,0.45,99.33,1.18,74.79,0.656,0.88,0.087,3.1
11:50,BRENT_USD,0.15,98.97,1.26,72.87,0.539,0.86,-0.032,3.3
12:00,BRENT_USD,0.26,99.02,1.04,74.26,0.528,1.06,0.019,2.87
12:10,BRENT_USD,0.21,98.17,1.47,72.51,0.791,1.03,0.013,3.01
12:20,BRENT_USD,0.11,97.73,1.43,72.9,0.567,0.92,0.097,2.96
12:30,BRENT_USD,0.1,97.1,0.98,74.42,1.098,1.18,-0.002,2.62
12:40,BRENT_USD,0.29,97.19,0.67,72.67,0.737,0.94,-0.036,2.98
12:50,BRENT_USD,0.1,97.09,0.84,73.18,1.075,0.99,-0.05,2.68
13:00,BRENT_USD,0.19,97.97,0.83,72.8,0.696,1.14,-0.07,3.28
13:10,BRENT_USD,0.32,99.05,0.87,72.27,0.563,1.03,0.06,2.64
13:20,BRENT_USD,0.19,98.46,0.64,74.49,1.022,1.01,-0.061,2.95
13:30,BRENT_USD,0.3,98.91,1.21,73.91,0.382,1.06,0.1,3.45
13:40,BRENT_USD,0.44,99.15,0.7,73.2,0.629,0.88,0.058,3.13
13:50,BRENT_USD,0.41,98.2,0.86,74.62,0.467,0.88,0.043,2.53
14:00,BRENT_USD,0.2,97.64,0.63,72.68,0.467,0.83,-0.05,2.84
14:10,BRENT_USD,0.23,99.32,0.77,72.18,1.043,1.02,0.086,2.74
14:20,BRENT_USD,0.26,98.01,1.37,74.23,0.83,0.97,-0.064,2.73
14:30,BRENT_USD,0.41,98.61,1.2,73.08,0.684,1.0,0.061,3.01
14:40,BRENT_USD,0.39,99.04,1.33,73.83,0.6,1.09,0.051,3.45
14:50,BRENT_USD,0.23,97.59,1.07,71.98,0.402,1.12,-0.099,2.98
15:00,BRENT_USD,0.35,97.38,1.29,73.34,0.47,0.95,-0.079,3.27
15:10,BRENT_USD,0.27,98.22,1.03,72.08,0.942,1.15,-0.055,2.76
15:20,BRENT_USD,0.33,97.49,0.54,74.7,1.092,0.9,-0.052,2.77
15:30,BRENT_USD,0.29,97.96,1.29,73.52,1.058,1.01,0.054,3.21
15:40,BRENT_USD,0.16,99.21,0.98,74.1,0.792,1.01,0.014,3.4
15:50,BRENT_USD,0.36,97.59,0.72,74.51,0.51,1.2,-0.026,3.19
16:00,BRENT_USD,0.17,98.0,1.13,73.59,0.958,1.14,0.079,2.79
16:10,BRENT_USD,0.28,98.63,1.4,74.34,0.916,0.8,0.099,2.65
16:20,BRENT_USD,0.31,98.09,1.22,74.14,0.987,0.91,0.067,2.72
16:30,BRENT_USD,0.11,97.67,1.29,72.37,0.669,1.2,0.032,3.28
16:40,BRENT_USD,0.41,97.34,1.45,72.42,0.914,0.89,-0.03,3.0
16:50,BRENT_USD,0.23,97.64,1.33,73.17,0.964,0.81,0.065,2.7
17:00,BRENT_USD,0.42,98.35,1.39,74.72,1.028,1.01,0.099,2.54
17:10,BRENT_USD,0.22,97.97,1.49,74.86,0.45,0.84,-0.049,3.11
17:20,BRENT_USD,0.13,99.27,0.53,71.98,0.854,1.13,-0.008,2.6
17:30,BRENT_USD,0.18,97.06,0.72,72.56,0.82,0.86,-0.038,3.43
17:40,BRENT_USD,0.22,99.37,0.9,71.97,0.383,1.05,-0.077,3.17
17:50,BRENT_USD,0.23,99.33,0.59,72.5,1.075,0.98,0.081,2.93
18:00,BRENT_USD,0.38,98.78,0.74,72.1,1.032,1.07,0.067,2.52
09:00,GOLD_USD,0.33,98.67,0.73,1873.06,22.87,0.83,-0.066,2.99
09:10,GOLD_USD,0.46,99.14,0.74,1934.31,11.538,1.19,-0.022,2.77
09:20,GOLD_USD,0.39,98.47,0.55,1909.42,10.597,0.8,0.047,2.89
09:30,GOLD_USD,0.49,97.13,0.52,1932.34,22.762,1.01,-0.019,2.95
09:40,GOLD_USD,0.35,98.84,1.21,1937.66,27.351,1.12,-0.061,3.08
09:50,GOLD_USD,0.23,97.3,0.88,1904.75,25.905,0.96,0.018,3.09
10:00,GOLD_USD,0.2,97.16,0.83,1910.71,19.578,0.88,-0.085,2.77
10:10,GOLD_USD,0.24,98.31,0.76,1869.43,12.103,1.02,-0.026,2.58
10:20,GOLD_USD,0.16,99.22,1.42,1872.08,17.609,1.07,0.076,2.74
10:30,GOLD_USD,0.33,99.28,0.69,1909.5,10.41,0.96,0.026,3.32
10:40,GOLD_USD,0.11,97.97,1.47,1873.19,21.408,0.86,0.079,3.45
10:50,GOLD_USD,0.12,97.29,0.81,1908.0,19.468,1.01,0.098,3.27
11:00,GOLD_USD,0.14,97.84,1.27,1910.98,13.535,0.97,0.043,3.18
11:10,GOLD_USD,0.48,98.72,1.25,1907.52,20.564,0.98,-0.009,3.46
11:20,GOLD_USD,0.27,99.15,1.14,1897.37,22.676,0.89,-0.079,3.04
11:30,GOLD_USD,0.4,98.35,0.83,1934.2,18.896,0.92,0.077,3.41
11:40,GOLD_USD,0.12,97.19,0.95,1904.42,14.884,1.06,-0.009,2.73
11:50,GOLD_USD,0.24,97.05,0.72,1928.23,22.356,1.06,-0.057,2.65
12:00,GOLD_USD,0.21,99.06,1.33,1890.82,16.005,0.86,0.007,3.35
12:10,GOLD_USD,0.45,97.24,1.49,1879.17,18.575,0.81,-0.051,2.59
12:20,GOLD_USD,0.33,97.17,0.69,1890.06,13.44,0.96,0.054,2.67
12:30,GOLD_USD,0.19,97.85,0.67,1862.98,14.865,0.86,0.079,3.3
12:40,GOLD_USD,0.39,98.65,0.97,1905.44,17.176,0.91,-0.028,3.42
12:50,GOLD_USD,0.28,97.23,0.93,1892.92,26.904,0.81,-0.052,3.06
13:00,GOLD_USD,0.39,99.09,0.97,1901.65,27.093,0.86,-0.002,3.07
13:10,GOLD_USD,0.18,99.08,1.08,1922.65,26.98,0.96,-0.032,3.41
13:20,GOLD_USD,0.15,97.3,1.39,1899.66,18.255,0.94,0.013,2.89
13:30,GOLD_USD,0.23,97.86,0.91,1893.2,10.363,0.81,-0.022,2.76
13:40,GOLD_USD,0.17,98.11,1.13,1921.55,24.975,0.87,0.047,2.67
13:50,GOLD_USD,0.45,97.54,1.32,1893.42,18.843,1.11,0.018,3.04
14:00,GOLD_USD,0.11,97.87,1.17,1919.45,11.987,1.04,-0.03,2.71
14:10,GOLD_USD,0.25,99.31,1.08,1917.59,13.189,1.03,-0.018,3.2
14:20,GOLD_USD,0.19,98.23,0.65,1868.69,15.066,0.98,0.046,3.34
14:30,GOLD_USD,0.23,98.44,0.5,1916.94,15.185,1.08,0.082,2.96
14:40,GOLD_USD,0.46,97.67,1.17,1935.89,12.153,1.08,-0.06,3.17
14:50,GOLD_USD,0.28,98.35,1.5,1925.57,15.398,1.0,-0.025,2.86
15:00,GOLD_USD,0.18,98.38,0.66,1919.78,20.67,0.93,0.023,3.48
15:10,GOLD_USD,0.38,97.21,0.75,1934.55,15.409,0.84,-0.012,3.43
15:20,GOLD_USD,0.44,97.66,0.69,1877.41,12.506,0.87,-0.082,3.22
15:30,GOLD_USD,0.36,99.1,1.2,1882.56,24.707,1.19,0.026,3.08
15:40,GOLD_USD,0.49,98.66,0.94,1871.2,14.804,0.86,0.098,2.8
15:50,GOLD_USD,0.39,97.34,0.94,1875.3,27.928,1.08,-0.051,2.97
16:00,GOLD_USD,0.1,97.83,0.74,1867.29,24.598,1.1,0.079,2.9
16:10,GOLD_USD,0.3,97.73,0.77,1888.43,16.505,0.86,-0.071,2.79
16:20,GOLD_USD,0.12,98.72,1.08,1925.3,25.992,0.85,-0.064,3.46
16:30,GOLD_USD,0.3,97.02,0.91,1880.11,23.953,0.94,0.071,3.12
16:40,GOLD_USD,0.29,98.71,1.18,1887.22,27.03,0.82,-0.062,3.38
16:50,GOLD_USD,0.13,97.64,1.07,1926.74,28.086,0.87,0.03,2.99
17:00,GOLD_USD,0.37,97.15,1.45,1933.26,18.663,1.0,0.048,3.38
17:10,GOLD_USD,0.32,98.07,0.93,1897.29,14.485,1.05,0.084,2.59
17:20,GOLD_USD,0.26,98.72,0.74,1919.7,25.103,1.08,0.08,2.59
17:30,GOLD_USD,0.49,98.43,0.66,1894.54,11.21,0.87,0.098,2.75
17:40,GOLD_USD,0.35,98.42,1.27,1903.87,21.018,0.99,-0.046,3.09
17:50,GOLD_USD,0.2,99.13,0.55,1929.06,24.484,0.99,-0.019,2.94
18:00,GOLD_USD,0.16,97.66,0.51,1933.58,23.806,1.01,0.011,3.27
09:00,SILVER_USD,0.2,99.09,0.85,24.15,0.328,0.9,0.044,2.73
09:10,SILVER_USD,0.34,98.15,1.35,24.82,0.127,0.98,0.046,3.19
09:20,SILVER_USD,0.38,99.13,1.3,24.16,0.218,1.07,0.016,3.02
09:30,SILVER_USD,0.15,98.38,0.96,24.49,0.253,0.82,-0.088,2.73
09:40,SILVER_USD,0.3,99.32,0.75,24.55,0.149,1.09,0.035,2.68
09:50,SILVER_USD,0.5,98.92,1.17,24.76,0.209,1.1,0.035,2.97
10:00,SILVER_USD,0.43,99.25,0.74,24.16,0.211,0.93,0.009,3.08
10:10,SILVER_USD,0.23,98.7,1.26,24.7,0.271,0.84,0.054,2.82
10:20,SILVER_USD,0.24,98.57,1.06,24.39,0.237,0.86,-0.057,2.51
10:30,SILVER_USD,0.41,97.82,0.68,24.02,0.123,1.06,-0.062,2.55
10:40,SILVER_USD,0.41,98.3,1.39,24.97,0.27,0.94,0.0,3.39
10:50,SILVER_USD,0.14,99.3,1.3,24.8,0.235,1.13,-0.039,3.03
11:00,SILVER_USD,0.37,97.6,0.65,24.74,0.269,1.17,-0.077,3.46
11:10,SILVER_USD,0.42,97.27,1.31,24.55,0.19,0.97,0.07,3.1
11:20,SILVER_USD,0.22,97.3,1.2,24.96,0.17,0.8,0.019,3.46
11:30,SILVER_USD,0.26,98.45,0.54,24.87,0.306,1.03,-0.052,3.29
11:40,SILVER_USD,0.36,99.08,0.71,24.97,0.299,1.16,-0.044,3.05
11:50,SILVER_USD,0.42,98.13,0.91,24.32,0.291,1.08,0.057,3.46
12:00,SILVER_USD,0.18,97.14,0.54,24.72,0.221,1.1,-0.039,3.27
12:10,SILVER_USD,0.47,97.81,1.0,24.8,0.215,0.88,0.087,3.12
12:20,SILVER_USD,0.11,97.3,0.7,24.8,0.291,0.94,0.049,2.59
12:30,SILVER_USD,0.4,99.23,1.11,24.12,0.253,0.93,0.018,3.32
12:40,SILVER_USD,0.43,97.74,0.59,24.03,0.314,1.15,-0.077,3.06
12:50,SILVER_USD,0.36,98.06,0.81,24.98,0.27,1.08,-0.003,3.27
13:00,SILVER_USD,0.36,97.99,0.87,24.63,0.278,0.82,0.068,3.14
13:10,SILVER_USD,0.2,98.95,1.25,24.64,0.177,1.11,0.04,3.48
13:20,SILVER_USD,0.29,97.09,0.87,24.75,0.226,0.92,0.0,3.12
13:30,SILVER_USD,0.28,98.17,1.19,24.4,0.237,1.0,0.043,3.31
13:40,SILVER_USD,0.24,99.45,1.05,24.38,0.278,1.06,0.013,2.64
13:50,SILVER_USD,0.26,98.0,1.24,24.3,0.248,1.03,0.03,2.77
14:00,SILVER_USD,0.22,99.41,1.42,24.86,0.238,0.97,-0.064,2.89
14:10,SILVER_USD,0.41,97.29,0.98,24.54,0.315,1.05,0.096,3.19
14:20,SILVER_USD,0.27,98.84,1.33,24.22,0.136,0.94,-0.065,3.03
14:30,SILVER_USD,0.37,97.04,1.29,24.92,0.129,0.88,-0.038,3.39
14:40,SILVER_USD,0.27,97.83,0.87,24.94,0.15,0.87,0.037,3.07
14:50,SILVER_USD,0.34,98.15,1.09,24.65,0.178,1.16,-0.08,3.31
15:00,SILVER_USD,0.28,97.75,1.06,24.36,0.335,0.82,0.033,2.69
15:10,SILVER_USD,0.41,99.18,1.02,24.12,0.131,0.81,0.064,3.12
15:20,SILVER_USD,0.16,98.74,0.81,24.93,0.148,0.94,0.011,2.83
15:30,SILVER_USD,0.29,98.06,1.02,24.1,0.291,1.12,-0.042,2.66
15:40,SILVER_USD,0.38,97.31,0.52,24.28,0.158,1.03,0.036,2.55
15:50,SILVER_USD,0.37,97.95,1.39,24.53,0.204,0.81,0.084,2.78
16:00,SILVER_USD,0.24,98.91,1.1,24.89,0.273,0.92,0.075,3.39
16:10,SILVER_USD,0.18,97.39,0.61,24.02,0.146,1.08,-0.046,3.17
16:20,SILVER_USD,0.17,98.3,1.45,24.59,0.168,0.89,-0.072,3.44
16:30,SILVER_USD,0.46,99.04,1.46,24.91,0.231,1.02,0.017,3.28
16:40,SILVER_USD,0.35,98.7,1.06,24.54,0.191,1.16,-0.077,3.3
16:50,SILVER_USD,0.15,99.12,0.75,24.19,0.226,0.8,0.099,3.3
17:00,SILVER_USD,0.28,97.69,1.33,24.82,0.138,1.06,-0.007,2.72
17:10,SILVER_USD,0.29,97.35,1.23,24.12,0.145,1.11,0.045,3.24
17:20,SILVER_USD,0.49,97.03,1.19,24.91,0.193,0.88,0.01,3.35
17:30,SILVER_USD,0.36,99.15,0.78,24.32,0.364,1.15,0.049,3.19
17:40,SILVER_USD,0.26,97.03,1.06,24.21,0.325,0.89,-0.078,3.36
17:50,SILVER_USD,0.43,97.78,0.52,24.85,0.228,1.14,-0.003,2.74
18:00,SILVER_USD,0.48,99.23,0.78,24.41,0.363,1.06,-0.092,2.83
09:00,COPPER_USD,0.13,97.48,1.46,4.33,0.064,0.97,-0.027,2.71
09:10,COPPER_USD,0.32,98.83,0.75,4.38,0.03,0.99,0.089,2.66
09:20,COPPER_USD,0.27,99.34,1.07,4.25,0.062,0.83,0.023,2.58
09:30,COPPER_USD,0.49,98.41,0.79,4.22,0.06,0.86,0.002,2.76
09:40,COPPER_USD,0.31,97.99,0.7,4.31,0.024,1.17,-0.073,2.63
09:50,COPPER_USD,0.31,99.32,1.49,4.25,0.056,1.1,0.011,2.89
10:00,COPPER_USD,0.22,99.05,1.09,4.3,0.057,0.93,-0.099,3.38
10:10,COPPER_USD,0.41,98.84,0.97,4.37,0.06,1.13,-0.042,3.36
10:20,COPPER_USD,0.39,98.41,1.24,4.23,0.055,0.92,-0.034,2.71
10:30,COPPER_USD,0.34,97.33,1.04,4.28,0.046,0.95,-0.074,3.49
10:40,COPPER_USD,0.4,97.71,0.71,4.22,0.03,0.86,0.079,2.77
10:50,COPPER_USD,0.44,97.42,1.44,4.24,0.027,1.07,0.07,3.45
11:00,COPPER_USD,0.45,98.77,1.2,4.22,0.023,0.91,-0.0,3.1
11:10,COPPER_USD,0.11,99.39,1.16,4.31,0.037,1.01,-0.046,3.4
11:20,COPPER_USD,0.27,97.29,0.69,4.36,0.034,0.96,0.04,2.8
11:30,COPPER_USD,0.41,98.12,1.14,4.24,0.037,1.06,0.07,3.19
11:40,COPPER_USD,0.15,99.42,0.82,4.36,0.053,1.08,-0.017,3.49
11:50,COPPER_USD,0.44,98.42,0.51,4.3,0.048,0.88,0.05,3.45
12:00,COPPER_USD,0.14,98.78,1.42,4.24,0.023,0.91,0.1,3.37
12:10,COPPER_USD,0.47,98.31,0.54,4.28,0.033,1.1,0.039,2.85
12:20,COPPER_USD,0.38,97.68,0.9,4.37,0.03,1.09,0.066,2.78
12:30,COPPER_USD,0.23,99.13,0.88,4.35,0.056,1.18,0.024,2.5
12:40,COPPER_USD,0.25,98.47,1.29,4.35,0.053,0.92,-0.004,3.26
12:50,COPPER_USD,0.36,99.07,0.62,4.33,0.052,0.9,-0.074,2.99
13:00,COPPER_USD,0.29,99.24,1.08,4.33,0.034,0.85,0.089,2.94
13:10,COPPER_USD,0.4,99.13,1.33,4.23,0.06,1.0,0.09,3.48
13:20,COPPER_USD,0.12,98.62,0.99,4.32,0.06,0.99,0.015,2.94
13:30,COPPER_USD,0.4,98.9,1.38,4.27,0.062,0.84,0.04,2.68
13:40,COPPER_USD,0.17,97.16,1.05,4.36,0.036,0.97,0.039,3.38
13:50,COPPER_USD,0.14,98.34,0.76,4.37,0.027,0.94,-0.074,3.43
14:00,COPPER_USD,0.3,99.03,1.49,4.22,0.064,0.83,0.092,3.2
14:10,COPPER_USD,0.46,98.87,1.32,4.31,0.024,0.88,-0.087,3.44
14:20,COPPER_USD,0.5,97.55,1.39,4.28,0.024,1.13,-0.064,2.65
14:30,COPPER_USD,0.3,97.58,0.72,4.36,0.032,1.06,0.087,2.64
14:40,COPPER_USD,0.17,99.32,1.38,4.24,0.032,0.98,0.03,3.1
14:50,COPPER_USD,0.22,98.53,0.68,4.32,0.038,0.93,0.092,2.8
15:00,COPPER_USD,0.26,98.74,0.72,4.26,0.027,0.82,-0.049,3.05
15:10,COPPER_USD,0.44,97.07,1.32,4.33,0.022,1.2,0.02,3.47
15:20,COPPER_USD,0.44,97.53,1.44,4.31,0.033,0.92,0.028,2.79
15:30,COPPER_USD,0.25,98.7,1.27,4.27,0.022,0.94,-0.092,2.56
15:40,COPPER_USD,0.37,98.51,0.57,4.34,0.057,0.8,0.024,2.53
15:50,COPPER_USD,0.37,97.93,1.17,4.36,0.026,1.07,0.073,2.66
16:00,COPPER_USD,0.5,97.09,1.33,4.27,0.033,1.05,-0.074,2.54
16:10,COPPER_USD,0.25,97.73,1.46,4.32,0.03,0.99,-0.017,2.87
16:20,COPPER_USD,0.4,99.1,1.45,4.3,0.023,1.0,-0.03,3.04
16:30,COPPER_USD,0.35,97.0,1.18,4.24,0.062,1.07,0.013,3.03
16:40,COPPER_USD,0.41,97.87,1.3,4.28,0.043,0.8,-0.031,3.15
16:50,COPPER_USD,0.42,99.18,1.28,4.24,0.052,0.93,-0.004,3.06
17:00,COPPER_USD,0.29,97.83,0.98,4.28,0.059,0.88,0.057,3.41
17:10,COPPER_USD,0.35,97.15,0.5,4.34,0.059,0.88,-0.053,3.3
17:20,COPPER_USD,0.16,99.27,1.14,4.28,0.063,0.82,-0.033,3.35
17:30,COPPER_USD,0.27,99.25,1.46,4.26,0.045,0.9,-0.019,2.85
17:40,COPPER_USD,0.16,98.53,0.65,4.31,0.056,1.07,-0.051,3.1
17:50,COPPER_USD,0.48,98.59,1.38,4.3,0.05,1.19,0.079,3.23
18:00,COPPER_USD,0.27,97.64,1.06,4.26,0.035,1.01,0.036,2.54
09:00,COFFEE_USD,0.45,99.1,0.58,1.5,0.012,0.84,0.037,2.95
09:10,COFFEE_USD,0.34,98.49,0.54,1.49,0.022,0.94,0.1,2.9
09:20,COFFEE_USD,0.16,99.28,0.74,1.53,0.008,0.92,0.092,3.03
09:30,COFFEE_USD,0.29,98.98,0.94,1.52,0.022,1.09,-0.01,2.56
09:40,COFFEE_USD,0.25,97.82,0.97,1.52,0.021,0.95,0.063,3.06
09:50,COFFEE_USD,0.16,97.42,0.52,1.51,0.014,0.9,-0.023,3.3
10:00,COFFEE_USD,0.28,98.58,1.23,1.47,0.009,1.08,0.039,2.76
10:10,COFFEE_USD,0.31,98.45,0.79,1.5,0.02,1.11,-0.071,3.4
10:20,COFFEE_USD,0.13,98.0,1.2,1.51,0.008,0.86,0.033,2.68
10:30,COFFEE_USD,0.49,98.56,1.16,1.5,0.019,1.13,0.05,2.64
10:40,COFFEE_USD,0.45,98.93,0.93,1.51,0.019,0.99,-0.024,2.76
10:50,COFFEE_USD,0.44,98.2,0.77,1.47,0.01,1.03,-0.04,2.62
11:00,COFFEE_USD,0.2,97.86,1.19,1.51,0.013,1.19,0.061,2.6
11:10,COFFEE_USD,0.31,97.36,1.37,1.51,0.02,1.12,0.004,3.28
11:20,COFFEE_USD,0.21,97.46,0.99,1.49,0.008,1.08,-0.046,3.31
11:30,COFFEE_USD,0.19,98.98,0.82,1.52,0.008,0.84,0.005,2.86
11:40,COFFEE_USD,0.27,97.85,1.23,1.51,0.016,0.87,0.018,2.74
11:50,COFFEE_USD,0.45,97.33,1.35,1.47,0.01,1.08,-0.004,2.72
12:00,COFFEE_USD,0.42,98.55,0.97,1.5,0.013,0.85,-0.048,2.84
12:10,COFFEE_USD,0.34,98.96,0.6,1.49,0.011,1.03,0.008,2.76
12:20,COFFEE_USD,0.24,97.78,0.57,1.48,0.018,0.84,-0.048,2.81
12:30,COFFEE_USD,0.19,98.97,1.35,1.5,0.021,0.82,0.063,2.56
12:40,COFFEE_USD,0.18,97.82,0.78,1.48,0.015,0.97,0.04,3.1
12:50,COFFEE_USD,0.26,98.44,0.59,1.47,0.018,0.9,-0.089,3.16
13:00,COFFEE_USD,0.24,98.44,0.87,1.48,0.017,1.15,0.081,3.08
13:10,COFFEE_USD,0.24,97.75,1.19,1.49,0.021,1.16,-0.049,2.9
13:20,COFFEE_USD,0.45,97.3,0.98,1.49,0.008,1.01,0.018,2.69
13:30,COFFEE_USD,0.27,99.05,0.61,1.48,0.02,0.82,-0.039,3.44
13:40,COFFEE_USD,0.49,97.02,0.89,1.49,0.012,0.88,0.071,3.03
13:50,COFFEE_USD,0.12,98.96,1.42,1.52,0.02,0.95,-0.086,2.95
14:00,COFFEE_USD,0.19,99.0,1.0,1.49,0.013,0.9,-0.089,3.23
14:10,COFFEE_USD,0.37,97.98,0.65,1.51,0.02,0.8,-0.092,3.25
14:20,COFFEE_USD,0.42,99.39,1.23,1.49,0.008,1.1,0.037,3.41
14:30,COFFEE_USD,0.36,99.06,1.45,1.48,0.014,1.0,0.052,2.53
14:40,COFFEE_USD,0.39,97.5,1.22,1.49,0.008,1.1,0.013,3.3
14:50,COFFEE_USD,0.14,97.81,1.17,1.5,0.014,1.12,0.037,3.15
15:00,COFFEE_USD,0.48,98.72,1.09,1.51,0.021,0.94,0.075,3.49
15:10,COFFEE_USD,0.37,97.54,0.86,1.5,0.019,1.08,-0.012,3.34
15:20,COFFEE_USD,0.4,98.99,0.56,1.49,0.022,0.88,-0.043,3.02
15:30,COFFEE_USD,0.22,97.43,1.24,1.5,0.011,0.85,-0.049,2.61
15:40,COFFEE_USD,0.23,98.46,1.23,1.5,0.022,1.05,-0.048,3.39
15:50,COFFEE_USD,0.26,97.06,1.21,1.48,0.019,1.06,0.042,2.65
16:00,COFFEE_USD,0.49,99.19,1.15,1.48,0.015,0.93,-0.064,3.17
16:10,COFFEE_USD,0.2,97.43,0.58,1.49,0.022,0.87,0.059,3.09
16:20,COFFEE_USD,0.3,98.84,1.22,1.48,0.01,1.07,0.091,2.96
16:30,COFFEE_USD,0.32,97.79,1.31,1.52,0.008,0.91,-0.01,2.7
16:40,COFFEE_USD,0.14,97.48,1.19,1.52,0.015,0.93,0.087,2.92
16:50,COFFEE_USD,0.34,97.91,1.06,1.52,0.012,1.17,-0.036,3.38
17:00,COFFEE_USD,0.25,98.57,0.5,1.47,0.015,1.18,-0.052,2.51
17:10,COFFEE_USD,0.34,98.22,0.77,1.51,0.012,1.1,-0.002,3.07
17:20,COFFEE_USD,0.15,98.28,1.2,1.51,0.014,0.87,-0.003,2.9
17:30,COFFEE_USD,0.24,97.66,0.88,1.49,0.015,1.0,-0.082,3.47
17:40,COFFEE_USD,0.33,98.02,1.12,1.52,0.015,1.06,0.096,3.28
17:50,COFFEE_USD,0.23,97.04,0.96,1.47,0.017,0.97,-0.074,3.39
18:00,COFFEE_USD,0.31,99.29,1.23,1.48,0.018,1.04,0.021,3.28
09:00,SOYBEAN_USD,0.3,97.71,1.24,15.04,0.089,0.95,0.077,3.18
09:10,SOYBEAN_USD,0.35,98.19,1.18,14.96,0.14,1.17,-0.097,2.8
09:20,SOYBEAN_USD,0.42,97.24,1.01,14.64,0.109,0.92,-0.05,2.88
09:30,SOYBEAN_USD,0.36,97.26,0.56,14.85,0.104,0.89,0.072,2.56
09:40,SOYBEAN_USD,0.37,99.11,0.9,14.67,0.142,1.01,0.075,2.71
09:50,SOYBEAN_USD,0.28,98.09,0.68,14.6,0.13,0.92,-0.054,2.91
10:00,SOYBEAN_USD,0.28,97.55,1.22,14.73,0.176,0.82,0.026,2.69
10:10,SOYBEAN_USD,0.3,98.6,1.46,14.91,0.212,0.99,0.015,2.99
10:20,SOYBEAN_USD,0.48,97.36,1.44,15.0,0.095,1.09,0.094,2.96
10:30,SOYBEAN_USD,0.37,99.34,0.96,15.04,0.123,1.13,-0.068,3.38
10:40,SOYBEAN_USD,0.49,98.21,0.87,14.92,0.1,1.11,-0.017,2.83
10:50,SOYBEAN_USD,0.11,97.05,1.45,14.87,0.176,1.1,0.097,3.22
11:00,SOYBEAN_USD,0.18,97.56,0.72,14.7,0.108,1.07,-0.029,2.78
11:10,SOYBEAN_USD,0.36,99.47,1.12,14.57,0.192,1.04,-0.087,3.28
11:20,SOYBEAN_USD,0.22,98.01,1.05,14.75,0.131,0.91,0.038,3.3
11:30,SOYBEAN_USD,0.37,98.99,0.81,15.0,0.151,1.04,-0.008,2.94
11:40,SOYBEAN_USD,0.25,97.16,0.82,14.85,0.097,0.8,0.078,2.76
11:50,SOYBEAN_USD,0.44,97.6,0.68,15.05,0.169,0.99,-0.087,2.54
12:00,SOYBEAN_USD,0.45,97.81,0.53,14.61,0.081,0.88,0.064,2.97
12:10,SOYBEAN_USD,0.14,98.49,1.47,14.96,0.155,1.11,0.029,2.62
12:20,SOYBEAN_USD,0.13,97.06,0.87,14.76,0.126,1.16,-0.051,3.24
12:30,SOYBEAN_USD,0.19,98.28,1.05,14.79,0.189,0.9,0.061,2.86
12:40,SOYBEAN_USD,0.33,99.49,0.68,14.51,0.095,0.99,0.074,3.08
12:50,SOYBEAN_USD,0.19,98.61,1.09,14.89,0.085,1.06,-0.022,2.81
13:00,SOYBEAN_USD,0.36,98.72,0.96,14.67,0.189,0.84,0.1,2.96
13:10,SOYBEAN_USD,0.33,97.29,1.49,14.9,0.219,1.17,-0.092,2.82
13:20,SOYBEAN_USD,0.41,98.54,1.24,15.03,0.08,1.01,-0.011,3.23
13:30,SOYBEAN_USD,0.36,97.66,0.85,15.05,0.162,1.1,-0.074,3.35
13:40,SOYBEAN_USD,0.23,98.3,1.46,15.02,0.104,0.91,0.068,2.91
13:50,SOYBEAN_USD,0.13,97.08,1.04,14.52,0.17,1.05,0.064,2.54
14:00,SOYBEAN_USD,0.1,97.2,0.92,15.0,0.194,1.11,-0.081,3.2
14:10,SOYBEAN_USD,0.14,98.96,0.97,14.76,0.218,1.03,0.006,2.91
14:20,SOYBEAN_USD,0.39,97.0,0.58,14.97,0.134,1.03,0.099,3.3
14:30,SOYBEAN_USD,0.27,97.05,0.75,14.79,0.098,0.96,-0.026,2.8
14:40,SOYBEAN_USD,0.42,99.16,0.99,14.98,0.179,1.13,0.018,2.84
14:50,SOYBEAN_USD,0.19,98.96,0.98,14.82,0.174,1.17,0.021,2.56
15:00,SOYBEAN_USD,0.46,98.43,0.54,15.06,0.076,0.98,0.089,2.78
15:10,SOYBEAN_USD,0.21,98.86,1.09,14.62,0.182,0.88,0.029,2.95
15:20,SOYBEAN_USD,0.12,97.72,1.27,14.92,0.19,1.08,0.06,2.81
15:30,SOYBEAN_USD,0.25,98.29,0.79,15.09,0.221,1.04,-0.031,3.07
15:40,SOYBEAN_USD,0.43,98.94,1.07,15.03,0.084,1.05,0.063,3.17
15:50,SOYBEAN_USD,0.25,98.82,0.78,14.97,0.081,1.11,0.048,3.25
16:00,SOYBEAN_USD,0.44,97.37,1.39,14.57,0.12,1.09,-0.072,3.23
16:10,SOYBEAN_USD,0.3,98.35,1.41,14.81,0.181,1.03,0.065,2.75
16:20,SOYBEAN_USD,0.32,97.38,0.51,14.54,0.093,1.14,-0.006,2.56
16:30,SOYBEAN_USD,0.27,97.86,1.37,14.74,0.122,1.09,-0.024,2.54
16:40,SOYBEAN_USD,0.45,98.23,1.38,14.64,0.117,1.15,-0.04,3.34
16:50,SOYBEAN_USD,0.39,97.15,1.18,15.08,0.126,0.91,-0.062,3.27
17:00,SOYBEAN_USD,0.23,99.48,0.84,14.58,0.178,1.12,-0.085,3.27
17:10,SOYBEAN_USD,0.34,98.77,0.76,14.99,0.144,0.99,0.037,3.02
17:20,SOYBEAN_USD,0.1,97.27,0.52,14.65,0.133,0.96,-0.016,3.21
17:30,SOYBEAN_USD,0.27,98.55,1.4,14.62,0.128,1.15,0.065,3.23
17:40,SOYBEAN_USD,0.23,98.99,0.81,14.71,0.123,1.18,0.075,2.73
17:50,SOYBEAN_USD,0.19,99.43,0.83,14.59,0.176,1.16,0.024,3.19
18:00,SOYBEAN_USD,0.14,97.21,0.86,14.71,0.222,0.87,0.049,2.89
09:00,CORN_USD,0.42,98.6,0.84,6.4,0.072,0.99,-0.091,3.02
09:10,CORN_USD,0.26,98.06,1.25,6.39,0.076,1.05,0.013,3.4
09:20,CORN_USD,0.26,99.48,1.24,6.3,0.039,1.19,-0.061,2.52
09:30,CORN_USD,0.46,97.77,1.23,6.25,0.08,1.06,0.071,2.62
09:40,CORN_USD,0.4,98.8,1.45,6.26,0.082,0.95,0.036,2.63
09:50,CORN_USD,0.23,97.2,0.57,6.27,0.049,1.14,-0.068,3.28
10:00,CORN_USD,0.22,97.14,1.14,6.25,0.033,1.13,0.073,3.3
10:10,CORN_USD,0.27,98.72,1.43,6.41,0.078,1.09,0.015,2.52
10:20,CORN_USD,0.13,97.53,1.28,6.41,0.032,0.97,-0.085,3.36
10:30,CORN_USD,0.14,97.76,1.19,6.35,0.055,1.04,0.029,2.85
10:40,CORN_USD,0.13,98.56,1.08,6.33,0.091,0.82,-0.019,2.95
10:50,CORN_USD,0.14,99.29,1.19,6.32,0.065,0.87,-0.058,3.36
11:00,CORN_USD,0.22,98.64,1.27,6.18,0.033,1.13,-0.096,2.65
11:10,CORN_USD,0.38,99.08,0.74,6.26,0.067,1.07,0.03,3.45
11:20,CORN_USD,0.14,99.27,0.61,6.33,0.077,0.8,-0.055,3.09
11:30,CORN_USD,0.4,99.25,0.63,6.42,0.075,1.09,-0.04,3.05
11:40,CORN_USD,0.25,97.95,0.62,6.36,0.091,1.13,-0.071,2.95
11:50,CORN_USD,0.15,97.34,0.75,6.29,0.09,0.84,0.023,2.79
12:00,CORN_USD,0.2,99.42,0.54,6.19,0.038,1.13,0.055,3.18
12:10,CORN_USD,0.22,98.58,0.81,6.37,0.062,0.86,-0.005,3.03
12:20,CORN_USD,0.1,98.39,0.66,6.2,0.038,1.16,-0.05,2.53
12:30,CORN_USD,0.17,99.18,1.43,6.42,0.044,1.0,0.047,2.62
12:40,CORN_USD,0.2,97.11,1.0,6.38,0.071,0.92,-0.013,3.05
12:50,CORN_USD,0.18,98.21,1.46,6.2,0.075,1.15,0.089,2.86
13:00,CORN_USD,0.17,97.81,0.67,6.19,0.059,1.06,0.049,3.33
13:10,CORN_USD,0.32,97.87,0.6,6.26,0.063,1.02,0.025,3.49
13:20,CORN_USD,0.12,97.74,0.99,6.29,0.087,0.92,-0.049,2.93
13:30,CORN_USD,0.23,99.13,1.07,6.36,0.091,0.92,-0.051,2.63
13:40,CORN_USD,0.47,98.84,0.87,6.22,0.054,0.86,0.043,3.39
13:50,CORN_USD,0.33,99.36,1.12,6.28,0.061,0.84,-0.025,2.8
14:00,CORN_USD,0.15,98.83,1.21,6.36,0.07,1.12,0.069,2.95
14:10,CORN_USD,0.28,98.91,0.53,6.22,0.07,1.08,-0.034,2.67
14:20,CORN_USD,0.46,97.04,1.43,6.34,0.074,0.84,0.052,3.2
14:30,CORN_USD,0.5,97.3,1.2,6.23,0.086,1.0,0.019,3.14
14:40,CORN_USD,0.35,98.41,0.54,6.31,0.086,1.01,-0.019,2.59
14:50,CORN_USD,0.43,98.77,0.89,6.4,0.074,0.9,-0.017,3.24
15:00,CORN_USD,0.15,98.64,0.6,6.32,0.044,0.95,-0.028,3.02
15:10,CORN_USD,0.22,97.35,1.24,6.36,0.069,0.92,-0.042,3.18
15:20,CORN_USD,0.13,99.43,0.73,6.39,0.069,0.92,-0.012,2.58
15:30,CORN_USD,0.29,99.14,0.8,6.36,0.088,1.06,-0.07,2.79
15:40,CORN_USD,0.17,97.78,0.73,6.36,0.079,1.06,0.039,2.64
15:50,CORN_USD,0.3,97.7,0.71,6.23,0.08,0.85,-0.013,3.01
16:00,CORN_USD,0.18,97.71,0.57,6.34,0.053,1.12,0.084,2.99
16:10,CORN_USD,0.27,98.37,0.54,6.2,0.033,0.99,0.0,2.94
16:20,CORN_USD,0.42,98.88,1.23,6.26,0.09,0.94,-0.024,2.85
16:30,CORN_USD,0.11,98.67,0.67,6.39,0.089,0.99,0.063,3.11
16:40,CORN_USD,0.36,98.38,1.14,6.21,0.052,0.92,0.056,3.04
16:50,CORN_USD,0.29,98.35,0.59,6.4,0.092,0.9,0.025,3.42
17:00,CORN_USD,0.42,97.66,0.79,6.28,0.083,0.98,-0.063,2.77
17:10,CORN_USD,0.46,97.63,0.95,6.26,0.046,1.02,0.034,3.17
17:20,CORN_USD,0.21,98.22,1.25,6.22,0.073,0.83,-0.097,2.54
17:30,CORN_USD,0.27,98.45,1.27,6.29,0.046,0.9,-0.009,2.72
17:40,CORN_USD,0.37,98.64,0.59,6.25,0.094,0.91,-0.042,2.51
17:50,CORN_USD,0.19,97.74,1.08,6.19,0.059,0.89,-0.096,3.41
18:00,CORN_USD,0.37,98.56,1.14,6.26,0.034,1.13,-0.025,2.51
09:00,SUGAR_USD,0.21,98.22,1.18,0.15,0.001,0.92,-0.017,2.76
09:10,SUGAR_USD,0.15,98.08,1.0,0.15,0.002,0.83,-0.01,3.49
09:20,SUGAR_USD,0.31,97.46,0.7,0.15,0.001,0.95,0.023,3.42
09:30,SUGAR_USD,0.42,98.48,1.18,0.15,0.002,0.89,0.052,3.04
09:40,SUGAR_USD,0.12,99.23,1.28,0.15,0.002,1.19,-0.082,3.38
09:50,SUGAR_USD,0.5,98.54,1.21,0.15,0.002,0.96,-0.09,3.04
10:00,SUGAR_USD,0.32,97.48,0.85,0.15,0.002,0.97,0.064,2.89
10:10,SUGAR_USD,0.21,98.31,0.79,0.15,0.002,1.04,0.042,3.21
10:20,SUGAR_USD,0.22,98.21,0.56,0.15,0.002,1.2,0.089,3.5
10:30,SUGAR_USD,0.3,99.1,1.01,0.15,0.001,0.87,-0.056,3.14
10:40,SUGAR_USD,0.28,98.55,1.49,0.15,0.002,1.08,0.066,3.1
10:50,SUGAR_USD,0.41,98.79,0.53,0.15,0.002,1.12,-0.012,3.03
11:00,SUGAR_USD,0.21,98.29,1.04,0.15,0.001,0.99,0.014,3.38
11:10,SUGAR_USD,0.35,99.01,0.54,0.15,0.002,0.94,0.043,3.07
11:20,SUGAR_USD,0.24,98.42,1.15,0.15,0.001,1.01,-0.073,3.3
11:30,SUGAR_USD,0.31,99.44,1.17,0.15,0.002,0.99,0.08,2.75
11:40,SUGAR_USD,0.12,99.28,1.07,0.15,0.001,0.88,0.09,3.04
11:50,SUGAR_USD,0.12,97.33,0.84,0.15,0.001,0.98,-0.061,3.22
12:00,SUGAR_USD,0.14,98.72,1.17,0.15,0.002,1.1,-0.099,3.23
12:10,SUGAR_USD,0.25,97.24,0.65,0.15,0.001,1.19,0.098,2.95
12:20,SUGAR_USD,0.14,98.98,1.24,0.15,0.001,0.89,0.05,2.62
12:30,SUGAR_USD,0.33,98.38,1.45,0.15,0.001,0.84,-0.044,2.88
12:40,SUGAR_USD,0.38,97.33,0.69,0.15,0.002,0.85,-0.025,2.56
12:50,SUGAR_USD,0.44,99.41,1.2,0.15,0.002,1.12,0.016,2.82
13:00,SUGAR_USD,0.39,98.78,1.16,0.15,0.001,0.89,0.046,2.58
13:10,SUGAR_USD,0.26,97.21,0.78,0.15,0.002,1.07,0.015,2.9
13:20,SUGAR_USD,0.21,98.43,1.46,0.15,0.002,1.09,-0.048,3.34
13:30,SUGAR_USD,0.48,97.99,0.8,0.15,0.001,1.01,0.087,3.04
13:40,SUGAR_USD,0.42,99.04,1.08,0.15,0.001,1.08,-0.062,2.82
13:50,SUGAR_USD,0.36,97.78,0.7,0.15,0.002,1.19,-0.09,3.39
14:00,SUGAR_USD,0.29,97.28,1.29,0.15,0.001,0.91,-0.097,2.64
14:10,SUGAR_USD,0.21,97.76,1.37,0.15,0.001,0.82,0.034,2.81
14:20,SUGAR_USD,0.48,99.19,1.3,0.15,0.002,1.14,-0.069,3.43
14:30,SUGAR_USD,0.41,99.49,0.84,0.15,0.001,1.14,-0.07,3.4
14:40,SUGAR_USD,0.27,98.5,0.89,0.15,0.001,0.92,0.03,2.52
14:50,SUGAR_USD,0.15,97.22,0.77,0.15,0.002,1.01,0.091,3.18
15:00,SUGAR_USD,0.17,97.38,1.14,0.15,0.002,1.11,-0.087,2.91
15:10,SUGAR_USD,0.44,97.62,0.52,0.15,0.002,0.8,-0.029,3.49
15:20,SUGAR_USD,0.19,99.0,0.88,0.15,0.001,0.92,0.071,3.42
15:30,SUGAR_USD,0.22,99.01,1.24,0.15,0.002,0.82,0.023,3.23
15:40,SUGAR_USD,0.4,97.6,1.43,0.15,0.002,0.91,0.041,3.02
15:50,SUGAR_USD,0.46,97.22,1.31,0.15,0.001,0.88,0.078,2.78
16:00,SUGAR_USD,0.27,98.98,1.36,0.15,0.001,0.89,0.072,2.84
16:10,SUGAR_USD,0.12,99.47,1.19,0.15,0.002,1.04,-0.023,2.96
16:20,SUGAR_USD,0.42,99.42,0.61,0.15,0.002,0.8,-0.067,3.23
16:30,SUGAR_USD,0.27,97.58,0.91,0.15,0.002,0.98,-0.061,3.16
16:40,SUGAR_USD,0.26,98.7,0.98,0.15,0.002,0.87,-0.006,2.8
16:50,SUGAR_USD,0.39,97.1,0.52,0.15,0.001,0.98,-0.054,2.78
17:00,SUGAR_USD,0.29,98.6,1.36,0.15,0.002,1.02,-0.05,2.94
17:10,SUGAR_USD,0.45,99.41,1.21,0.15,0.002,1.19,0.047,2.73
17:20,SUGAR_USD,0.42,97.34,0.57,0.15,0.001,1.13,0.068,2.57
17:30,SUGAR_USD,0.39,98.42,0.88,0.15,0.002,1.11,0.012,2.93
17:40,SUGAR_USD,0.19,98.82,1.33,0.15,0.001,0.96,-0.099,3.41
17:50,SUGAR_USD,0.42,97.64,0.88,0.15,0.002,1.17,0.007,3.48
18:00,SUGAR_USD,0.28,98.94,1.36,0.15,0.001,0.94,0.077,2.85
09:00,COTTON_USD,0.39,98.62,0.62,0.89,0.007,1.19,-0.007,2.63
09:10,COTTON_USD,0.31,98.06,0.93,0.92,0.005,0.88,-0.02,3.42
09:20,COTTON_USD,0.16,97.64,1.06,0.88,0.009,0.93,-0.034,2.92
09:30,COTTON_USD,0.32,97.95,0.54,0.9,0.005,1.17,-0.058,3.39
09:40,COTTON_USD,0.11,98.82,0.92,0.89,0.011,1.12,0.005,2.74
09:50,COTTON_USD,0.23,98.99,1.03,0.91,0.005,0.85,0.066,2.75
10:00,COTTON_USD,0.21,97.6,0.91,0.89,0.006,0.91,-0.045,2.83
10:10,COTTON_USD,0.35,98.54,1.13,0.89,0.01,1.14,-0.07,3.38
10:20,COTTON_USD,0.25,98.14,0.61,0.9,0.009,0.95,-0.053,2.6
10:30,COTTON_USD,0.3,97.19,0.78,0.91,0.011,1.08,-0.084,3.3
10:40,COTTON_USD,0.12,97.86,0.54,0.91,0.012,0.93,0.037,2.76
10:50,COTTON_USD,0.42,98.05,0.94,0.91,0.009,1.09,0.033,3.28
11:00,COTTON_USD,0.36,97.88,1.1,0.9,0.009,1.15,-0.008,3.2
11:10,COTTON_USD,0.34,97.09,1.17,0.88,0.008,0.88,0.011,2.74
11:20,COTTON_USD,0.18,98.71,1.46,0.91,0.008,0.95,-0.003,2.82
11:30,COTTON_USD,0.44,97.91,1.22,0.9,0.008,1.18,-0.008,3.23
11:40,COTTON_USD,0.14,98.74,0.66,0.89,0.006,0.93,-0.071,3.03
11:50,COTTON_USD,0.37,97.93,1.04,0.89,0.01,0.95,0.025,3.24
12:00,COTTON_USD,0.18,98.09,1.39,0.89,0.011,0.97,0.033,2.93
12:10,COTTON_USD,0.38,98.76,0.72,0.91,0.013,0.92,0.021,2.55
12:20,COTTON_USD,0.31,97.07,1.01,0.91,0.009,1.03,0.033,2.86
12:30,COTTON_USD,0.19,98.31,1.18,0.88,0.012,0.97,0.004,3.0
12:40,COTTON_USD,0.25,98.71,1.41,0.91,0.013,0.87,0.086,3.23
12:50,COTTON_USD,0.18,98.72,1.14,0.91,0.009,0.93,0.031,3.22
13:00,COTTON_USD,0.4,98.21,1.21,0.91,0.005,1.07,-0.054,2.54
13:10,COTTON_USD,0.49,97.33,1.33,0.91,0.009,1.14,-0.021,2.96
13:20,COTTON_USD,0.34,98.83,1.5,0.91,0.006,0.89,0.075,2.54
13:30,COTTON_USD,0.26,97.77,1.34,0.89,0.009,1.0,-0.062,2.62
13:40,COTTON_USD,0.25,97.48,1.27,0.92,0.009,0.83,-0.079,2.92
13:50,COTTON_USD,0.44,98.76,1.28,0.89,0.012,1.19,0.001,2.52
14:00,COTTON_USD,0.47,97.82,1.47,0.89,0.006,0.81,-0.077,3.38
14:10,COTTON_USD,0.31,99.25,0.75,0.91,0.01,1.1,0.083,3.01
14:20,COTTON_USD,0.45,99.01,1.0,0.9,0.009,1.12,0.085,3.02
14:30,COTTON_USD,0.38,98.29,1.47,0.89,0.009,1.14,0.043,3.12
14:40,COTTON_USD,0.14,97.16,0.89,0.91,0.009,0.91,-0.012,2.91
14:50,COTTON_USD,0.26,99.46,1.21,0.9,0.013,1.03,-0.048,3.31
15:00,COTTON_USD,0.33,97.45,0.54,0.9,0.012,0.89,-0.016,2.78
15:10,COTTON_USD,0.24,98.82,1.44,0.89,0.005,1.15,0.064,3.31
15:20,COTTON_USD,0.12,97.37,1.13,0.89,0.007,1.01,-0.098,2.83
15:30,COTTON_USD,0.35,97.05,1.25,0.9,0.01,0.81,0.042,3.26
15:40,COTTON_USD,0.3,98.9,1.19,0.91,0.007,1.07,-0.033,3.06
15:50,COTTON_USD,0.35,97.47,0.92,0.89,0.009,0.86,0.007,2.68
16:00,COTTON_USD,0.3,97.62,0.99,0.88,0.012,1.08,0.026,3.38
16:10,COTTON_USD,0.32,99.33,1.07,0.91,0.012,0.91,-0.043,3.08
16:20,COTTON_USD,0.4,97.47,1.1,0.91,0.01,1.17,-0.065,2.83
16:30,COTTON_USD,0.28,97.67,1.35,0.9,0.007,0.99,-0.052,2.78
16:40,COTTON_USD,0.34,99.05,1.23,0.89,0.009,1.08,0.07,2.8
16:50,COTTON_USD,0.5,97.03,1.39,0.88,0.011,0.93,-0.053,3.32
17:00,COTTON_USD,0.36,97.33,0.92,0.91,0.011,1.15,0.099,2.58
17:10,COTTON_USD,0.23,98.73,0.92,0.91,0.005,1.04,0.05,3.19
17:20,COTTON_USD,0.3,98.11,0.64,0.89,0.008,0.88,0.065,2.72
17:30,COTTON_USD,0.33,97.44,0.83,0.89,0.008,0.89,0.068,3.19
17:40,COTTON_USD,0.29,98.15,0.9,0.9,0.01,1.12,-0.003,2.94
17:50,COTTON_USD,0.41,98.78,1.49,0.9,0.012,0.99,-0.071,2.98
18:00,COTTON_USD,0.18,98.08,1.12,0.92,0.01,1.2,-0.057,3.13
09:00,USD_BRL,0.33,99.33,0.65,5.36,0.05,0.87,0.093,3.37
09:10,USD_BRL,0.4,97.96,0.93,5.16,0.049,0.93,-0.002,2.93
09:20,USD_BRL,0.23,99.2,0.76,5.22,0.043,1.11,-0.094,2.66
09:30,USD_BRL,0.5,98.42,0.88,5.16,0.048,1.04,0.019,2.67
09:40,USD_BRL,0.18,99.01,0.92,5.31,0.033,0.86,-0.06,2.59
09:50,USD_BRL,0.45,98.16,1.42,5.2,0.037,0.86,0.004,2.56
10:00,USD_BRL,0.39,97.18,1.41,5.32,0.067,1.17,-0.08,3.12
10:10,USD_BRL,0.33,99.27,0.82,5.3,0.06,0.89,-0.074,3.04
10:20,USD_BRL,0.31,97.64,0.92,5.21,0.057,1.14,0.064,3.21
10:30,USD_BRL,0.23,98.56,1.07,5.23,0.055,1.05,0.04,3.42
10:40,USD_BRL,0.14,98.91,0.67,5.18,0.037,1.13,-0.018,2.73
10:50,USD_BRL,0.31,97.62,1.08,5.27,0.068,1.14,-0.035,3.41
11:00,USD_BRL,0.42,98.87,0.96,5.22,0.063,1.06,-0.079,2.96
11:10,USD_BRL,0.48,99.32,0.62,5.36,0.067,1.07,-0.034,2.68
11:20,USD_BRL,0.15,98.2,1.37,5.24,0.048,0.81,0.042,2.99
11:30,USD_BRL,0.23,98.95,0.94,5.29,0.037,1.01,-0.012,3.42
11:40,USD_BRL,0.31,97.9,0.81,5.23,0.063,0.88,0.02,3.0
11:50,USD_BRL,0.19,97.54,0.88,5.27,0.047,1.05,0.068,3.27
12:00,USD_BRL,0.1,97.93,0.95,5.26,0.047,0.86,-0.088,2.61
12:10,USD_BRL,0.14,97.13,1.38,5.25,0.033,1.02,0.063,2.96
12:20,USD_BRL,0.22,98.8,0.81,5.18,0.032,1.17,0.002,2.51
12:30,USD_BRL,0.21,99.46,0.75,5.34,0.056,0.96,-0.009,2.91
12:40,USD_BRL,0.2,97.23,1.02,5.2,0.051,0.95,0.089,2.87
12:50,USD_BRL,0.14,99.13,0.74,5.22,0.07,0.81,-0.038,3.42
13:00,USD_BRL,0.21,99.21,1.45,5.2,0.052,1.18,-0.008,3.11
13:10,USD_BRL,0.17,97.74,1.14,5.32,0.062,0.99,-0.061,2.72
13:20,USD_BRL,0.35,97.62,0.97,5.36,0.069,0.88,0.001,3.1
13:30,USD_BRL,0.36,98.7,1.4,5.24,0.075,1.14,0.063,3.02
13:40,USD_BRL,0.46,98.19,1.31,5.24,0.028,0.86,0.095,3.34
13:50,USD_BRL,0.34,97.28,1.28,5.31,0.067,0.87,0.045,3.22
14:00,USD_BRL,0.27,97.8,0.82,5.32,0.07,0.86,0.035,2.88
14:10,USD_BRL,0.17,99.32,1.02,5.21,0.028,1.2,0.057,3.47
14:20,USD_BRL,0.39,98.21,0.61,5.33,0.039,1.16,0.096,2.7
14:30,USD_BRL,0.18,99.43,0.94,5.3,0.058,0.95,-0.092,3.24
14:40,USD_BRL,0.27,98.95,0.75,5.31,0.028,1.05,-0.01,3.26
14:50,USD_BRL,0.28,98.34,0.65,5.33,0.054,0.94,0.081,3.47
15:00,USD_BRL,0.33,97.61,1.16,5.33,0.039,0.85,-0.03,3.1
15:10,USD_BRL,0.43,97.58,0.68,5.21,0.063,1.07,-0.027,3.24
15:20,USD_BRL,0.18,98.6,1.24,5.31,0.063,1.06,0.043,2.82
15:30,USD_BRL,0.32,99.03,1.33,5.2,0.028,0.87,0.077,3.14
15:40,USD_BRL,0.35,97.51,0.6,5.29,0.045,0.83,-0.066,2.59
15:50,USD_BRL,0.47,98.09,1.39,5.3,0.046,1.07,-0.036,3.23
16:00,USD_BRL,0.39,98.55,1.09,5.26,0.043,0.92,-0.048,3.42
16:10,USD_BRL,0.38,98.0,0.8,5.2,0.06,0.85,-0.043,3.17
16:20,USD_BRL,0.22,97.01,1.49,5.31,0.028,1.19,0.016,3.05
16:30,USD_BRL,0.27,97.38,1.31,5.34,0.045,0.96,0.066,3.44
16:40,USD_BRL,0.45,97.45,0.78,5.16,0.051,1.17,-0.014,3.33
16:50,USD_BRL,0.13,97.08,1.15,5.24,0.062,0.81,0.043,3.19
17:00,USD_BRL,0.38,97.11,0.87,5.2,0.036,0.92,0.004,3.49
17:10,USD_BRL,0.41,97.74,0.85,5.16,0.071,1.08,-0.083,3.41
17:20,USD_BRL,0.18,98.09,1.28,5.26,0.052,0.91,0.015,2.81
17:30,USD_BRL,0.2,97.38,0.53,5.16,0.045,1.17,0.044,3.18
17:40,USD_BRL,0.36,98.08,1.12,5.2,0.068,1.12,-0.006,3.05
17:50,USD_BRL,0.47,98.24,0.53,5.36,0.069,0.97,-0.076,2.99
18:00,USD_BRL,0.38,97.3,1.48,5.16,0.071,1.03,-0.063,3.01
09:00,EUR_BRL,0.37,97.77,0.78,5.81,0.051,1.1,0.092,2.51
09:10,EUR_BRL,0.24,98.93,1.45,5.86,0.061,0.94,-0.03,3.21
09:20,EUR_BRL,0.3,98.07,1.25,5.64,0.045,0.88,0.023,2.55
09:30,EUR_BRL,0.16,98.67,1.45,5.66,0.029,1.18,-0.057,2.89
09:40,EUR_BRL,0.39,99.13,0.63,5.64,0.064,1.09,0.058,3.25
09:50,EUR_BRL,0.4,99.04,1.23,5.65,0.086,0.85,0.062,3.06
10:00,EUR_BRL,0.11,97.95,0.84,5.83,0.046,0.92,-0.023,3.03
10:10,EUR_BRL,0.46,98.87,1.13,5.78,0.078,1.17,-0.044,3.41
10:20,EUR_BRL,0.39,98.0,0.52,5.78,0.082,0.82,0.072,2.51
10:30,EUR_BRL,0.23,98.07,1.22,5.85,0.085,0.87,-0.08,3.41
10:40,EUR_BRL,0.25,99.41,1.0,5.7,0.031,0.96,-0.057,2.61
10:50,EUR_BRL,0.3,98.6,1.41,5.66,0.054,0.92,0.071,2.99
11:00,EUR_BRL,0.19,97.12,0.54,5.85,0.063,1.01,-0.064,2.8
11:10,EUR_BRL,0.44,97.15,0.57,5.65,0.074,1.08,-0.016,3.05
11:20,EUR_BRL,0.31,97.52,0.52,5.71,0.047,1.14,-0.016,3.21
11:30,EUR_BRL,0.28,97.36,1.35,5.81,0.043,0.93,-0.1,2.59
11:40,EUR_BRL,0.22,99.2,1.33,5.86,0.081,0.8,-0.042,3.45
11:50,EUR_BRL,0.43,99.18,0.69,5.81,0.039,0.95,-0.086,3.39
12:00,EUR_BRL,0.22,97.27,0.99,5.65,0.03,0.89,0.071,3.44
12:10,EUR_BRL,0.49,98.77,0.65,5.67,0.075,1.06,-0.074,3.22
12:20,EUR_BRL,0.14,99.06,0.75,5.66,0.058,0.83,-0.037,3.25
12:30,EUR_BRL,0.2,99.11,1.09,5.7,0.054,0.81,-0.024,3.26
12:40,EUR_BRL,0.4,98.47,1.34,5.83,0.036,0.84,-0.042,3.29
12:50,EUR_BRL,0.27,99.04,0.98,5.86,0.063,0.81,0.015,2.65
13:00,EUR_BRL,0.34,97.85,0.79,5.79,0.083,0.81,0.036,2.64
13:10,EUR_BRL,0.11,99.02,0.75,5.78,0.043,1.04,-0.044,2.52
13:20,EUR_BRL,0.11,97.96,1.3,5.71,0.071,0.89,-0.022,2.79
13:30,EUR_BRL,0.41,98.52,1.12,5.86,0.058,1.04,0.083,3.09
13:40,EUR_BRL,0.12,98.45,0.51,5.8,0.075,0.89,-0.066,2.72
13:50,EUR_BRL,0.1,97.49,1.31,5.77,0.069,1.16,-0.077,3.44
14:00,EUR_BRL,0.41,98.01,0.63,5.84,0.077,0.99,0.057,3.5
14:10,EUR_BRL,0.23,98.09,1.04,5.82,0.056,1.18,0.037,2.54
14:20,EUR_BRL,0.27,98.4,0.64,5.76,0.059,0.83,0.023,3.32
14:30,EUR_BRL,0.39,98.87,1.36,5.68,0.08,0.98,-0.022,2.82
14:40,EUR_BRL,0.18,99.02,0.87,5.81,0.058,1.01,0.079,3.24
14:50,EUR_BRL,0.26,98.46,1.21,5.66,0.076,0.81,-0.097,3.24
15:00,EUR_BRL,0.37,98.15,0.81,5.74,0.05,1.1,0.003,3.11
15:10,EUR_BRL,0.36,98.58,1.33,5.73,0.045,1.03,-0.043,3.21
15:20,EUR_BRL,0.19,97.92,1.06,5.67,0.039,1.03,0.005,3.45
15:30,EUR_BRL,0.39,97.05,1.2,5.68,0.029,1.09,0.096,2.98
15:40,EUR_BRL,0.21,99.5,0.86,5.65,0.064,1.08,0.003,3.49
15:50,EUR_BRL,0.18,97.82,1.15,5.81,0.034,1.11,-0.06,3.03
16:00,EUR_BRL,0.17,97.8,0.59,5.76,0.074,0.95,0.099,3.13
16:10,EUR_BRL,0.28,97.18,1.37,5.64,0.085,0.83,0.013,2.68
16:20,EUR_BRL,0.43,98.61,1.28,5.83,0.083,1.05,-0.091,2.5
16:30,EUR_BRL,0.2,99.06,0.86,5.69,0.051,0.85,0.017,3.49
16:40,EUR_BRL,0.37,97.14,1.25,5.8,0.034,1.09,-0.079,2.96
16:50,EUR_BRL,0.25,98.28,1.08,5.81,0.037,1.01,-0.074,3.05
17:00,EUR_BRL,0.39,97.64,1.5,5.7,0.077,1.2,0.013,3.33
17:10,EUR_BRL,0.34,99.46,0.96,5.72,0.07,0.99,-0.069,2.98
17:20,EUR_BRL,0.2,98.37,0.88,5.8,0.041,1.0,-0.087,3.04
17:30,EUR_BRL,0.16,98.57,1.4,5.73,0.07,1.02,-0.099,3.06
17:40,EUR_BRL,0.16,99.27,1.31,5.77,0.03,1.14,0.048,3.33
17:50,EUR_BRL,0.34,98.8,0.88,5.82,0.047,0.87,-0.05,3.12
18:00,EUR_BRL,0.17,99.15,0.69,5.74,0.037,0.81,-0.063,2.55
09:00,USD_EUR,0.3,98.23,1.41,0.91,0.01,0.97,-0.016,2.95
09:10,USD_EUR,0.41,99.02,0.99,0.9,0.006,0.87,-0.074,3.31
09:20,USD_EUR,0.46,99.23,0.56,0.91,0.006,1.16,-0.039,2.73
09:30,USD_EUR,0.11,97.48,0.65,0.91,0.007,0.8,-0.092,2.76
09:40,USD_EUR,0.5,98.76,0.82,0.91,0.013,1.05,0.09,2.52
09:50,USD_EUR,0.44,98.71,0.6,0.89,0.009,0.92,0.086,2.7
10:00,USD_EUR,0.38,98.68,0.64,0.91,0.009,0.81,0.077,2.64
10:10,USD_EUR,0.24,98.87,0.65,0.92,0.013,0.9,0.004,3.03
10:20,USD_EUR,0.26,98.8,0.81,0.92,0.013,0.91,0.051,2.68
10:30,USD_EUR,0.12,97.63,1.39,0.9,0.006,0.85,0.05,3.46
10:40,USD_EUR,0.37,97.83,1.15,0.9,0.01,0.9,0.087,3.27
10:50,USD_EUR,0.49,99.39,0.85,0.89,0.01,0.94,-0.031,2.68
11:00,USD_EUR,0.44,97.32,0.82,0.91,0.012,1.1,-0.085,2.8
11:10,USD_EUR,0.4,98.45,0.89,0.93,0.005,0.86,-0.043,2.64
11:20,USD_EUR,0.12,97.92,0.91,0.92,0.009,0.86,0.042,3.01
11:30,USD_EUR,0.49,99.18,0.53,0.91,0.005,1.09,0.037,3.44
11:40,USD_EUR,0.35,99.29,0.57,0.91,0.008,0.94,-0.018,3.2
11:50,USD_EUR,0.19,97.46,0.93,0.92,0.008,0.9,-0.051,3.46
12:00,USD_EUR,0.18,97.37,1.38,0.91,0.011,1.0,0.062,3.39
12:10,USD_EUR,0.28,97.47,1.07,0.9,0.013,1.11,-0.003,3.24
12:20,USD_EUR,0.42,98.1,0.75,0.91,0.007,0.97,0.029,3.34
12:30,USD_EUR,0.38,98.29,0.92,0.91,0.012,0.96,-0.073,2.72
12:40,USD_EUR,0.29,98.27,1.43,0.92,0.006,0.99,-0.08,2.82
12:50,USD_EUR,0.16,99.14,0.99,0.9,0.006,0.92,-0.027,2.86
13:00,USD_EUR,0.28,99.22,0.56,0.92,0.013,0.9,-0.086,3.14
13:10,USD_EUR,0.25,97.63,0.87,0.9,0.008,1.11,0.067,2.97
13:20,USD_EUR,0.44,98.39,0.93,0.93,0.006,0.88,-0.056,3.04
13:30,USD_EUR,0.19,99.42,0.5,0.92,0.012,0.86,-0.018,2.67
13:40,USD_EUR,0.27,98.61,1.25,0.91,0.01,0.83,0.09,3.45
13:50,USD_EUR,0.4,98.14,0.84,0.91,0.008,1.08,0.083,3.39
14:00,USD_EUR,0.45,97.02,0.77,0.9,0.013,1.12,0.09,3.19
14:10,USD_EUR,0.34,98.67,0.82,0.92,0.008,0.84,0.009,2.51
14:20,USD_EUR,0.14,98.79,1.1,0.91,0.011,0.96,-0.089,2.89
14:30,USD_EUR,0.3,97.45,1.12,0.93,0.012,0.83,0.021,2.57
14:40,USD_EUR,0.43,98.81,1.41,0.9,0.012,0.9,0.088,3.11
14:50,USD_EUR,0.43,98.44,0.84,0.9,0.009,0.88,0.018,2.93
15:00,USD_EUR,0.49,99.43,0.96,0.92,0.006,1.04,0.069,2.91
15:10,USD_EUR,0.19,98.34,0.74,0.91,0.006,1.04,0.074,3.14
15:20,USD_EUR,0.22,98.12,0.95,0.91,0.009,1.16,-0.091,2.91
15:30,USD_EUR,0.15,98.84,1.21,0.92,0.007,1.01,0.012,3.34
15:40,USD_EUR,0.36,98.72,0.77,0.92,0.011,0.89,-0.05,2.99
15:50,USD_EUR,0.19,97.63,1.17,0.9,0.005,1.04,0.08,2.56
16:00,USD_EUR,0.49,97.32,1.47,0.9,0.007,1.15,0.041,3.36
16:10,USD_EUR,0.14,98.6,0.93,0.92,0.01,1.17,0.076,3.29
16:20,USD_EUR,0.39,99.08,1.04,0.91,0.013,1.13,0.039,3.15
16:30,USD_EUR,0.22,99.11,1.06,0.89,0.007,1.06,-0.013,2.97
16:40,USD_EUR,0.11,97.67,1.05,0.91,0.006,1.1,-0.1,2.94
16:50,USD_EUR,0.18,98.98,0.56,0.9,0.009,1.17,-0.022,2.87
17:00,USD_EUR,0.17,99.31,1.11,0.91,0.013,0.92,-0.063,2.86
17:10,USD_EUR,0.2,99.43,1.05,0.92,0.007,1.17,0.036,3.18
17:20,USD_EUR,0.23,97.4,1.34,0.92,0.007,0.81,-0.08,2.5
17:30,USD_EUR,0.12,99.21,1.24,0.9,0.01,1.14,0.078,2.67
17:40,USD_EUR,0.23,97.46,0.83,0.92,0.006,1.04,0.08,2.89
17:50,USD_EUR,0.26,98.72,1.28,0.9,0.005,1.09,-0.087,3.42
18:00,USD_EUR,0.15,98.81,0.88,0.9,0.006,1.13,-0.018,3.06
09:00,IBOV,0.28,99.48,0.85,125873.48,1523.064,0.89,-0.086,3.17
09:10,IBOV,0.5,97.92,0.61,128452.45,858.074,1.14,-0.064,3.12
09:20,IBOV,0.15,98.14,0.7,126594.55,1473.311,0.86,0.008,2.63
09:30,IBOV,0.1,98.37,1.49,125360.2,1781.641,0.92,-0.071,3.21
09:40,IBOV,0.26,98.19,0.97,128264.08,1110.409,1.03,-0.032,2.56
09:50,IBOV,0.34,98.57,1.16,124533.13,855.138,1.09,0.059,2.87
10:00,IBOV,0.33,97.45,0.66,127612.17,1425.522,1.13,-0.089,3.41
10:10,IBOV,0.26,98.31,1.37,127896.11,1604.286,0.95,0.078,2.56
10:20,IBOV,0.44,98.44,0.69,128566.49,1496.521,1.18,-0.023,2.53
10:30,IBOV,0.45,97.12,1.31,125698.83,1697.897,0.97,0.01,2.79
10:40,IBOV,0.3,97.0,1.12,127843.36,1068.397,1.09,0.001,3.47
10:50,IBOV,0.25,97.61,0.92,125095.36,677.64,1.05,0.025,3.27
11:00,IBOV,0.17,97.07,1.41,128287.06,738.748,0.96,0.05,2.93
11:10,IBOV,0.26,97.34,0.84,127583.26,1000.557,0.98,-0.088,3.37
11:20,IBOV,0.4,98.88,1.31,127456.8,1061.546,1.19,-0.09,3.28
11:30,IBOV,0.46,99.06,0.67,128838.89,761.083,0.94,0.025,2.58
11:40,IBOV,0.12,97.09,1.13,127296.03,778.898,1.13,-0.058,3.41
11:50,IBOV,0.31,98.06,0.6,126369.33,780.856,0.98,-0.084,3.39
12:00,IBOV,0.38,98.18,1.07,127663.33,1360.568,1.11,0.007,3.45
12:10,IBOV,0.48,99.06,1.32,127395.31,1596.831,0.91,-0.099,3.0
12:20,IBOV,0.28,98.49,0.68,126703.56,1364.18,0.89,0.044,2.7
12:30,IBOV,0.5,98.12,0.78,124577.66,1890.487,1.16,-0.009,2.78
12:40,IBOV,0.41,98.57,0.51,128710.67,1643.709,0.83,0.081,2.86
12:50,IBOV,0.41,99.36,0.73,128332.1,1308.842,1.17,0.007,2.85
13:00,IBOV,0.38,98.68,0.7,128708.77,842.756,0.94,-0.047,3.19
13:10,IBOV,0.43,97.53,1.1,127933.55,1721.517,1.1,-0.066,2.71
13:20,IBOV,0.11,97.09,0.54,127209.93,1208.821,1.06,-0.066,3.04
13:30,IBOV,0.14,98.9,1.43,125470.43,1081.399,1.1,-0.036,2.72
13:40,IBOV,0.4,99.14,0.89,129289.83,975.582,0.98,0.04,2.64
13:50,IBOV,0.33,98.47,1.34,126732.72,1287.751,0.95,0.063,3.34
14:00,IBOV,0.14,98.69,0.6,126621.76,797.528,1.0,-0.019,2.6
14:10,IBOV,0.45,98.25,1.09,128316.46,719.513,1.14,-0.039,3.42
14:20,IBOV,0.42,97.41,1.44,125041.87,1479.806,1.18,0.085,3.49
14:30,IBOV,0.26,98.02,0.98,126249.23,890.855,0.85,0.018,3.25
14:40,IBOV,0.43,97.06,1.03,126441.09,1650.38,0.99,-0.059,3.31
14:50,IBOV,0.39,97.6,0.8,125751.79,1641.801,1.06,0.086,3.46
15:00,IBOV,0.31,99.27,0.8,125285.94,870.894,1.06,-0.086,3.39
15:10,IBOV,0.42,98.38,1.5,129538.67,1626.875,1.08,-0.069,3.46
15:20,IBOV,0.38,97.46,0.74,127862.19,1031.889,1.16,0.047,2.61
15:30,IBOV,0.12,97.84,1.27,126418.5,1233.584,1.03,-0.067,2.68
15:40,IBOV,0.37,97.66,0.63,126482.22,674.263,1.11,0.017,3.25
15:50,IBOV,0.27,98.08,1.33,128177.5,653.889,1.18,-0.091,3.04
16:00,IBOV,0.39,98.86,0.55,128154.54,1716.144,1.08,0.087,3.35
16:10,IBOV,0.3,97.66,1.25,125962.93,1895.21,1.07,0.009,2.85
16:20,IBOV,0.21,98.91,0.95,128850.34,1371.419,0.84,-0.084,2.67
16:30,IBOV,0.12,97.71,0.73,125729.63,1434.848,0.82,-0.065,3.22
16:40,IBOV,0.36,99.04,1.42,128070.94,1740.56,0.82,-0.096,3.1
16:50,IBOV,0.39,98.3,0.77,125888.2,1626.739,1.03,0.062,2.59
17:00,IBOV,0.17,98.38,1.15,125814.37,1412.594,1.05,-0.046,2.64
17:10,IBOV,0.15,97.1,1.04,128857.25,1564.484,1.02,-0.002,2.71
17:20,IBOV,0.12,98.52,0.98,129007.5,1710.584,0.99,-0.002,2.75
17:30,IBOV,0.28,98.72,1.0,124518.46,1743.301,0.99,0.004,2.66
17:40,IBOV,0.47,98.24,0.87,126465.51,764.856,0.93,0.094,3.5
17:50,IBOV,0.38,97.29,1.38,128000.86,881.392,0.97,-0.033,2.67
18:00,IBOV,0.35,98.7,1.46,124535.7,1045.73,1.17,0.059,3.03
09:00,SP500,0.39,99.08,0.88,4571.1,42.466,0.8,0.059,3.23
09:10,SP500,0.28,97.3,0.97,4445.12,24.49,0.97,0.083,2.51
09:20,SP500,0.38,98.63,0.98,4502.27,47.834,0.82,0.055,3.49
09:30,SP500,0.29,98.68,0.57,4443.57,58.971,0.82,0.014,2.95
09:40,SP500,0.49,98.64,0.87,4554.83,31.296,0.83,0.02,3.49
09:50,SP500,0.4,99.29,0.73,4535.91,36.726,0.95,0.076,3.2
10:00,SP500,0.13,97.3,0.64,4413.37,22.808,1.16,0.096,2.9
10:10,SP500,0.45,98.11,1.34,4578.81,65.921,0.9,0.054,3.36
10:20,SP500,0.13,98.82,1.21,4493.28,35.703,0.89,0.084,3.43
10:30,SP500,0.12,97.13,0.76,4553.28,27.841,0.96,0.07,3.31
10:40,SP500,0.17,97.3,0.85,4473.61,56.751,0.95,-0.052,3.31
10:50,SP500,0.48,98.07,1.1,4512.9,41.518,1.04,0.012,3.04
11:00,SP500,0.44,98.06,0.64,4583.44,48.483,0.96,0.017,2.56
11:10,SP500,0.29,98.62,0.79,4564.81,35.451,1.14,-0.036,2.87
11:20,SP500,0.13,97.88,0.86,4579.86,66.693,0.86,-0.031,3.04
11:30,SP500,0.31,98.67,1.04,4530.79,27.729,0.84,0.01,2.89
11:40,SP500,0.39,98.08,1.23,4534.03,55.263,1.04,0.022,2.67
11:50,SP500,0.11,98.65,1.4,4508.79,33.35,0.89,0.089,2.96
12:00,SP500,0.16,97.36,1.17,4444.41,23.145,1.01,0.0,2.66
12:10,SP500,0.13,97.22,0.53,4452.51,67.05,0.82,0.008,2.67
12:20,SP500,0.36,98.42,1.33,4532.34,62.728,0.83,0.036,3.45
12:30,SP500,0.17,98.79,1.06,4466.41,34.032,1.09,0.024,2.86
12:40,SP500,0.27,98.22,0.93,4587.98,35.965,0.92,-0.025,3.49
12:50,SP500,0.27,98.81,1.34,4509.63,29.775,1.15,-0.002,2.72
13:00,SP500,0.27,97.27,0.66,4510.38,54.587,0.87,0.027,2.91
13:10,SP500,0.32,98.17,0.98,4558.59,47.037,1.15,0.026,2.85
13:20,SP500,0.37,97.77,0.6,4523.07,39.63,0.94,0.039,3.28
13:30,SP500,0.15,98.91,0.86,4458.84,48.447,1.13,0.021,2.65
13:40,SP500,0.41,97.98,1.2,4441.86,50.786,1.09,0.005,2.75
13:50,SP500,0.27,99.17,1.3,4585.9,52.437,1.02,0.053,3.12
14:00,SP500,0.22,98.46,1.09,4551.9,48.725,1.05,0.071,3.39
14:10,SP500,0.44,97.24,1.21,4549.98,59.797,0.94,-0.037,2.86
14:20,SP500,0.21,99.49,1.21,4478.34,42.474,0.86,0.068,2.99
14:30,SP500,0.22,98.22,1.41,4494.97,55.423,0.81,-0.004,2.91
14:40,SP500,0.43,97.47,0.57,4536.8,35.194,0.97,0.051,3.48
14:50,SP500,0.35,98.34,1.0,4471.01,39.278,1.18,0.041,2.8
15:00,SP500,0.42,98.14,1.04,4463.61,26.892,1.2,0.034,2.65
15:10,SP500,0.45,98.29,1.16,4460.55,36.04,1.03,-0.028,3.29
15:20,SP500,0.16,98.76,1.08,4508.14,40.527,1.17,-0.066,2.83
15:30,SP500,0.43,98.86,0.96,4525.4,23.667,0.9,-0.047,3.06
15:40,SP500,0.41,98.33,0.63,4543.03,30.201,1.07,-0.093,2.92
15:50,SP500,0.35,97.42,1.08,4485.07,66.209,1.06,-0.001,3.23
16:00,SP500,0.25,99.29,1.45,4487.3,52.974,1.05,-0.083,2.83
16:10,SP500,0.38,98.49,1.0,4560.04,40.964,1.15,0.024,3.44
16:20,SP500,0.21,99.46,0.71,4425.38,63.94,0.83,0.033,2.79
16:30,SP500,0.43,98.75,1.45,4442.39,27.955,0.9,0.068,3.43
16:40,SP500,0.49,99.39,0.77,4533.16,35.037,0.92,0.098,2.8
16:50,SP500,0.31,99.22,1.08,4535.29,28.86,0.93,-0.095,2.69
17:00,SP500,0.28,97.73,1.37,4429.66,53.236,1.04,0.075,2.51
17:10,SP500,0.3,97.48,0.64,4531.64,60.189,1.09,0.018,2.73
17:20,SP500,0.16,99.3,1.47,4559.58,33.18,0.82,-0.08,2.64
17:30,SP500,0.3,99.09,1.49,4428.35,34.228,0.91,0.067,2.93
17:40,SP500,0.3,98.79,0.88,4575.59,29.957,1.05,0.056,3.21
17:50,SP500,0.23,97.2,0.95,4488.01,66.198,0.85,-0.054,2.71
18:00,SP500,0.12,98.52,1.23,4462.71,57.992,0.85,-0.054,3.48
09:00,DOWJ,0.5,98.1,0.53,35577.47,289.369,0.9,-0.092,2.75
09:10,DOWJ,0.43,98.52,0.95,34921.74,344.657,0.87,-0.1,3.45
09:20,DOWJ,0.47,99.16,1.12,34847.82,365.229,1.04,-0.014,3.39
09:30,DOWJ,0.2,99.39,0.53,34445.71,389.539,0.92,-0.009,3.11
09:40,DOWJ,0.19,97.43,1.07,35421.42,492.826,1.2,-0.024,2.73
09:50,DOWJ,0.36,97.05,1.39,34777.12,177.114,1.13,-0.069,2.88
10:00,DOWJ,0.38,97.93,0.91,34434.89,440.891,0.99,0.071,2.7
10:10,DOWJ,0.38,98.51,1.03,35293.87,392.189,1.12,0.02,3.13
10:20,DOWJ,0.38,98.07,0.83,34826.75,237.94,1.03,0.034,3.42
10:30,DOWJ,0.2,98.19,0.88,35605.66,327.441,1.18,-0.095,3.18
10:40,DOWJ,0.38,97.28,0.74,35200.38,485.61,1.13,0.062,2.52
10:50,DOWJ,0.47,98.7,0.6,35294.97,406.737,0.85,-0.055,3.26
11:00,DOWJ,0.18,97.89,0.85,34347.26,379.992,0.89,0.086,3.37
11:10,DOWJ,0.13,98.16,1.12,34963.91,502.873,0.97,-0.046,3.37
11:20,DOWJ,0.13,99.18,0.51,34643.46,260.577,0.84,-0.076,3.01
11:30,DOWJ,0.27,99.2,1.19,35057.04,369.03,1.06,-0.066,3.27
11:40,DOWJ,0.26,98.23,0.82,34641.39,427.157,0.84,-0.034,2.67
11:50,DOWJ,0.43,97.32,0.81,35110.08,305.28,1.13,0.043,2.73
12:00,DOWJ,0.3,98.43,0.66,34337.59,355.408,1.12,0.001,3.13
12:10,DOWJ,0.32,98.59,1.12,35404.11,444.135,0.89,-0.021,3.04
12:20,DOWJ,0.45,98.69,0.77,35065.64,479.454,0.97,0.007,2.72
12:30,DOWJ,0.29,97.18,0.51,34644.96,298.467,0.83,0.021,3.24
12:40,DOWJ,0.48,97.39,0.87,34300.96,368.012,1.07,-0.09,2.98
12:50,DOWJ,0.16,97.43,0.57,35612.54,313.166,0.82,-0.038,2.75
13:00,DOWJ,0.4,98.32,0.87,35340.82,313.779,1.18,-0.014,3.45
13:10,DOWJ,0.33,99.26,1.45,35605.07,189.593,1.12,-0.082,2.97
13:20,DOWJ,0.34,98.4,0.7,35581.02,513.689,1.02,0.049,2.58
13:30,DOWJ,0.34,97.85,1.34,34814.56,411.837,0.97,0.098,3.45
13:40,DOWJ,0.42,98.44,1.39,34696.16,189.5,1.13,0.072,2.76
13:50,DOWJ,0.4,99.32,0.56,35278.19,283.042,0.97,0.025,3.35
14:00,DOWJ,0.46,98.9,0.87,35073.95,484.966,1.03,0.02,2.51
14:10,DOWJ,0.17,97.85,0.96,35470.11,216.408,0.85,0.098,2.88
14:20,DOWJ,0.39,97.28,0.98,34905.9,514.171,1.15,-0.092,3.24
14:30,DOWJ,0.11,97.33,1.2,34687.55,327.315,0.88,0.094,3.36
14:40,DOWJ,0.13,99.16,1.22,34904.31,392.292,1.18,-0.019,2.69
14:50,DOWJ,0.34,99.14,0.65,35242.35,207.432,0.95,-0.005,2.66
15:00,DOWJ,0.22,97.5,1.11,35498.87,405.615,1.15,-0.041,2.97
15:10,DOWJ,0.42,97.87,0.83,34872.02,379.674,1.05,0.04,3.14
15:20,DOWJ,0.42,98.51,1.03,35364.22,515.856,1.02,-0.069,3.1
15:30,DOWJ,0.42,98.75,1.0,34802.87,502.29,1.18,0.032,3.24
15:40,DOWJ,0.4,98.53,1.5,35316.39,476.971,1.0,-0.051,2.52
15:50,DOWJ,0.41,97.82,0.7,34682.64,459.839,1.18,-0.001,3.33
16:00,DOWJ,0.11,99.03,1.1,34809.48,228.188,0.99,0.086,2.79
16:10,DOWJ,0.48,98.66,1.0,34406.18,388.035,1.01,0.002,2.81
16:20,DOWJ,0.36,97.57,1.01,34864.75,245.676,1.16,0.065,2.59
16:30,DOWJ,0.24,99.32,1.37,35338.44,475.73,0.87,-0.043,2.8
16:40,DOWJ,0.29,97.31,1.22,34604.95,272.401,0.96,-0.058,2.61
16:50,DOWJ,0.2,98.72,1.36,35550.19,490.68,1.2,0.087,3.37
17:00,DOWJ,0.25,97.16,1.33,35015.0,249.767,0.93,-0.034,3.02
17:10,DOWJ,0.19,98.77,1.18,34826.32,432.993,1.19,0.089,3.12
17:20,DOWJ,0.29,97.28,0.59,34357.71,437.447,1.1,0.032,3.04
17:30,DOWJ,0.28,98.38,1.2,35224.94,259.675,1.13,-0.083,2.7
17:40,DOWJ,0.29,97.19,0.57,34623.47,497.92,1.19,0.063,3.03
17:50,DOWJ,0.36,97.21,1.12,34792.31,319.181,1.09,0.008,2.57
18:00,DOWJ,0.22,99.43,0.67,34738.38,312.014,1.09,0.009,2.92
09:00,NASDAQ,0.44,98.15,1.43,14066.45,149.521,1.04,0.02,2.78
09:10,NASDAQ,0.36,98.38,0.95,14198.61,136.152,1.08,0.015,2.58
09:20,NASDAQ,0.32,99.11,0.74,14245.21,147.901,0.9,-0.015,2.88
09:30,NASDAQ,0.4,98.72,1.49,13820.1,99.761,1.17,-0.012,2.67
09:40,NASDAQ,0.46,97.81,0.81,13991.36,199.147,0.93,0.049,3.44
09:50,NASDAQ,0.33,97.76,0.71,13972.42,188.398,1.09,-0.031,3.48
10:00,NASDAQ,0.26,97.92,1.27,14158.82,193.174,0.93,-0.081,3.47
10:10,NASDAQ,0.29,98.55,0.62,13812.93,197.69,0.99,0.081,2.82
10:20,NASDAQ,0.1,98.02,1.47,14009.8,156.311,1.11,-0.004,3.46
10:30,NASDAQ,0.31,97.92,0.86,14028.84,117.372,0.8,0.04,2.56
10:40,NASDAQ,0.11,97.14,1.04,14211.21,149.327,1.1,0.036,3.16
10:50,NASDAQ,0.45,97.26,0.95,13815.1,86.029,1.0,-0.096,2.97
11:00,NASDAQ,0.15,97.45,0.91,13743.51,123.563,1.15,-0.035,2.55
11:10,NASDAQ,0.32,97.91,0.57,14258.64,208.373,0.91,-0.075,3.17
11:20,NASDAQ,0.17,98.53,0.56,13746.1,202.845,1.12,0.036,2.76
11:30,NASDAQ,0.34,97.38,0.92,14160.44,150.158,1.09,0.019,2.52
11:40,NASDAQ,0.35,98.21,1.25,14003.17,161.513,0.97,0.023,3.35
11:50,NASDAQ,0.46,99.4,1.19,14098.26,141.228,1.15,0.071,2.71
12:00,NASDAQ,0.22,97.4,1.45,14155.33,114.383,1.11,0.07,3.35
12:10,NASDAQ,0.27,97.51,1.07,13962.41,116.564,1.19,-0.024,3.44
12:20,NASDAQ,0.37,98.76,1.44,14265.23,207.743,0.95,0.011,2.69
12:30,NASDAQ,0.19,97.56,0.9,13748.47,104.771,1.08,-0.065,2.85
12:40,NASDAQ,0.21,99.16,0.8,13922.3,178.963,1.1,0.027,3.09
12:50,NASDAQ,0.44,97.06,0.68,13983.36,85.326,0.99,-0.005,2.62
13:00,NASDAQ,0.15,98.85,1.4,14084.48,135.981,1.08,0.093,3.37
13:10,NASDAQ,0.39,97.58,0.57,14005.08,201.964,0.85,-0.099,2.52
13:20,NASDAQ,0.14,98.73,1.31,13843.16,161.759,1.18,-0.045,3.03
13:30,NASDAQ,0.3,98.48,1.25,13977.59,151.899,1.12,0.072,3.4
13:40,NASDAQ,0.42,98.7,1.47,13946.83,87.507,1.12,-0.023,2.75
13:50,NASDAQ,0.19,97.92,0.55,14268.19,149.559,0.92,-0.023,2.69
14:00,NASDAQ,0.3,98.22,0.64,14263.4,128.736,1.09,-0.045,3.03
14:10,NASDAQ,0.23,98.44,0.97,13823.62,139.462,0.95,-0.05,2.84
14:20,NASDAQ,0.1,98.51,1.47,14219.05,94.905,0.84,0.054,2.77
14:30,NASDAQ,0.35,98.51,0.72,13911.56,130.323,1.01,-0.057,3.18
14:40,NASDAQ,0.45,99.44,1.04,14279.72,80.514,0.85,0.088,3.15
14:50,NASDAQ,0.41,98.93,0.55,14224.8,95.645,1.18,0.092,2.57
15:00,NASDAQ,0.41,97.69,0.82,14091.31,124.67,0.93,0.084,3.49
15:10,NASDAQ,0.24,98.75,1.34,13819.7,86.416,0.8,0.045,2.67
15:20,NASDAQ,0.21,98.72,1.46,14082.73,107.714,1.15,0.1,3.01
15:30,NASDAQ,0.18,98.99,0.8,13753.16,74.069,0.83,-0.057,2.96
15:40,NASDAQ,0.47,98.96,0.56,14156.65,207.994,0.9,-0.07,3.31
15:50,NASDAQ,0.4,98.48,0.85,14166.01,87.577,0.88,-0.025,3.5
16:00,NASDAQ,0.45,97.62,0.86,13906.95,148.576,0.89,0.03,2.76
16:10,NASDAQ,0.48,98.57,0.93,14008.27,142.981,0.88,0.021,2.77
16:20,NASDAQ,0.3,98.38,0.8,13794.9,141.868,0.9,0.073,3.1
16:30,NASDAQ,0.12,99.34,1.3,13844.1,203.791,0.84,0.015,2.86
16:40,NASDAQ,0.16,97.96,0.52,14108.91,167.619,0.96,0.015,3.16
16:50,NASDAQ,0.13,99.08,0.57,13944.68,199.348,0.82,-0.054,2.94
17:00,NASDAQ,0.13,97.08,1.01,13761.34,181.103,0.84,-0.011,2.76
17:10,NASDAQ,0.34,97.83,0.55,14209.7,169.238,0.99,0.06,3.35
17:20,NASDAQ,0.43,97.79,0.56,13895.11,170.537,0.88,-0.016,3.37
17:30,NASDAQ,0.33,98.68,1.02,13854.36,87.072,1.08,-0.076,3.46
17:40,NASDAQ,0.34,97.51,0.55,13882.71,161.897,0.91,-0.015,2.72
17:50,NASDAQ,0.37,98.78,1.1,13761.72,119.448,1.03,0.087,2.69
18:00,NASDAQ,0.45,98.23,0.54,13845.73,187.598,1.0,-0.079,3.24
